,Algorithm,Sources,Interferers,Mics,RT60,Distance,SINR,seed,Iteration,Iteration_Index,Runtime [s],SI-SDR [dB],SI-SIR [dB],ΔSI-SDR [dB],ΔSI-SIR [dB],Success
0,auxiva,2,10,2,0.6346562499999999,1.0,0,1675701733,0,0,0.0,-4.7571671363795325,-4.728151569366194,0.0,0.0,0.0
1,auxiva,2,10,2,0.6346562499999999,1.0,0,1675701733,50,1,0.05805238669880491,-1.7861981337691173,1.497496640928353,2.9709690026104156,6.225648210294548,1.0
2,ilrma-t-IP,2,10,2,0.6346562499999999,1.0,0,1675701733,0,0,0.0,-4.7571671363795325,-4.728151569366194,0.0,0.0,0.0
3,ilrma-t-IP,2,10,2,0.6346562499999999,1.0,0,1675701733,50,1,3.8631493243804833,-1.2794876365006551,1.9142565420616973,3.477679499878878,6.6424081114278914,1.0
4,ilrma-t-iss-seq,2,10,2,0.6346562499999999,1.0,0,1675701733,0,0,0.0,-4.7571671363795325,-4.728151569366194,0.0,0.0,0.0
5,ilrma-t-iss-seq,2,10,2,0.6346562499999999,1.0,0,1675701733,50,1,0.7502668568919783,-2.09679210094248,1.315269013390198,2.660375035437053,6.043420582756393,1.0
6,ilrma-t-iss-joint,2,10,2,0.6346562499999999,1.0,0,1675701733,0,0,0.0,-4.7571671363795325,-4.728151569366194,0.0,0.0,0.0
7,ilrma-t-iss-joint,2,10,2,0.6346562499999999,1.0,0,1675701733,50,1,2.3788162876158463,-2.09679210094248,1.315269013390198,2.660375035437053,6.043420582756393,1.0
8,ilrma,2,10,2,0.6346562499999999,1.0,0,1675701733,0,0,0.0,-4.7571671363795325,-4.728151569366194,0.0,0.0,0.0
9,ilrma,2,10,2,0.6346562499999999,1.0,0,1675701733,50,1,0.16123060434438888,-1.524405060708647,1.6510310082384807,3.2327620756708857,6.379182577604675,1.0
10,auxiva,2,10,2,0.6346562499999999,1.0,0,170765737,0,0,0.0,-4.99962019176521,-4.6875142249828645,0.0,0.0,0.0
11,auxiva,2,10,2,0.6346562499999999,1.0,0,170765737,50,1,0.0500812379947154,-1.5034506844165834,1.6025528111190268,3.4961695073486263,6.290067036101891,1.0
12,ilrma-t-IP,2,10,2,0.6346562499999999,1.0,0,170765737,0,0,0.0,-4.99962019176521,-4.6875142249828645,0.0,0.0,0.0
13,ilrma-t-IP,2,10,2,0.6346562499999999,1.0,0,170765737,50,1,3.301265819266528,-0.9093484664206405,2.0142586220672976,4.09027172534457,6.701772847050162,1.0
14,ilrma-t-iss-seq,2,10,2,0.6346562499999999,1.0,0,170765737,0,0,0.0,-4.99962019176521,-4.6875142249828645,0.0,0.0,0.0
15,ilrma-t-iss-seq,2,10,2,0.6346562499999999,1.0,0,170765737,50,1,0.7009609282365168,-0.8354455045510681,2.149213436611408,4.1641746872141425,6.8367276615942725,1.0
16,ilrma-t-iss-joint,2,10,2,0.6346562499999999,1.0,0,170765737,0,0,0.0,-4.99962019176521,-4.6875142249828645,0.0,0.0,0.0
17,ilrma-t-iss-joint,2,10,2,0.6346562499999999,1.0,0,170765737,50,1,1.7397472211083354,-0.8354455045510681,2.149213436611408,4.1641746872141425,6.8367276615942725,1.0
18,ilrma,2,10,2,0.6346562499999999,1.0,0,170765737,0,0,0.0,-4.99962019176521,-4.6875142249828645,0.0,0.0,0.0
19,ilrma,2,10,2,0.6346562499999999,1.0,0,170765737,50,1,0.15018228365655545,-1.1720105458386851,1.4453882529348359,3.827609645926525,6.1329024779177,1.0
20,auxiva,2,10,2,0.6346562499999999,1.0,0,1981297353,0,0,0.0,-4.645576517475346,-4.402715444184178,0.0,0.0,0.0
21,auxiva,2,10,2,0.6346562499999999,1.0,0,1981297353,50,1,0.052353474022691894,-1.9529414424890046,1.2818444066139918,2.6926350749863412,5.68455985079817,1.0
22,ilrma-t-IP,2,10,2,0.6346562499999999,1.0,0,1981297353,0,0,0.0,-4.645576517475346,-4.402715444184178,0.0,0.0,0.0
23,ilrma-t-IP,2,10,2,0.6346562499999999,1.0,0,1981297353,50,1,2.4176054416404367,-1.2173051332349447,1.9082988024641963,3.4282713842404013,6.311014246648375,1.0
24,ilrma-t-iss-seq,2,10,2,0.6346562499999999,1.0,0,1981297353,0,0,0.0,-4.645576517475346,-4.402715444184178,0.0,0.0,0.0
25,ilrma-t-iss-seq,2,10,2,0.6346562499999999,1.0,0,1981297353,50,1,3.9143112569241767,-1.309139059421037,1.8211793508371226,3.336437458054309,6.223894795021301,1.0
26,ilrma-t-iss-joint,2,10,2,0.6346562499999999,1.0,0,1981297353,0,0,0.0,-4.645576517475346,-4.402715444184178,0.0,0.0,0.0
27,ilrma-t-iss-joint,2,10,2,0.6346562499999999,1.0,0,1981297353,50,1,4.969336487679289,-1.309139059421037,1.8211793508371226,3.336437458054309,6.223894795021301,1.0
28,ilrma,2,10,2,0.6346562499999999,1.0,0,1981297353,0,0,0.0,-4.645576517475346,-4.402715444184178,0.0,0.0,0.0
29,ilrma,2,10,2,0.6346562499999999,1.0,0,1981297353,50,1,0.16493167111975104,-5.6905250570977675,1.8614811106353129,-1.0449485396224212,6.264196554819491,0.5
30,auxiva,2,10,2,0.6346562499999999,1.0,10,1819941518,0,0,0.0,-0.9576265637432493,-0.5748804760577965,0.0,0.0,0.0
31,auxiva,2,10,2,0.6346562499999999,1.0,10,1819941518,50,1,0.05490912798229202,6.921843018800876,12.181930696789442,7.879469582544125,12.756811172847238,1.0
32,ilrma-t-IP,2,10,2,0.6346562499999999,1.0,10,1819941518,0,0,0.0,-0.9576265637432493,-0.5748804760577965,0.0,0.0,0.0
33,ilrma-t-IP,2,10,2,0.6346562499999999,1.0,10,1819941518,50,1,3.2813091624706954,7.560168130574787,12.495319819123345,8.517794694318036,13.070200295181142,1.0
34,ilrma-t-iss-seq,2,10,2,0.6346562499999999,1.0,10,1819941518,0,0,0.0,-0.9576265637432493,-0.5748804760577965,0.0,0.0,0.0
35,ilrma-t-iss-seq,2,10,2,0.6346562499999999,1.0,10,1819941518,50,1,0.7193616991666029,5.506335454619303,11.386980551957885,6.463962018362552,11.961861028015681,1.0
36,ilrma-t-iss-joint,2,10,2,0.6346562499999999,1.0,10,1819941518,0,0,0.0,-0.9576265637432493,-0.5748804760577965,0.0,0.0,0.0
37,ilrma-t-iss-joint,2,10,2,0.6346562499999999,1.0,10,1819941518,50,1,1.5380701411412177,5.506335454619303,11.386980551957885,6.463962018362552,11.961861028015681,1.0
38,ilrma,2,10,2,0.6346562499999999,1.0,10,1819941518,0,0,0.0,-0.9576265637432493,-0.5748804760577965,0.0,0.0,0.0
39,ilrma,2,10,2,0.6346562499999999,1.0,10,1819941518,50,1,0.17029966114849265,6.4729199713049645,11.783462780117897,7.430546535048214,12.358343256175694,1.0
40,auxiva,2,10,2,0.6346562499999999,1.0,0,878579710,0,0,0.0,-4.604366145186065,-4.347402547758216,0.0,0.0,0.0
41,auxiva,2,10,2,0.6346562499999999,1.0,0,878579710,50,1,0.05579508052485044,-3.756299129764395,-0.08526187690146358,0.8480670154216701,4.262140670856752,0.5
42,ilrma-t-IP,2,10,2,0.6346562499999999,1.0,0,878579710,0,0,0.0,-4.604366145186065,-4.347402547758216,0.0,0.0,0.0
43,ilrma-t-IP,2,10,2,0.6346562499999999,1.0,0,878579710,50,1,3.881319915583402,-2.9777979290305168,0.392846623510109,1.6265682161555484,4.740249171268325,1.0
44,ilrma-t-iss-seq,2,10,2,0.6346562499999999,1.0,0,878579710,0,0,0.0,-4.604366145186065,-4.347402547758216,0.0,0.0,0.0
45,ilrma-t-iss-seq,2,10,2,0.6346562499999999,1.0,0,878579710,50,1,0.7170952033854712,-6.192350455407107,-2.334987614619073,-1.5879843102210418,2.012414933139143,0.0
46,ilrma-t-iss-joint,2,10,2,0.6346562499999999,1.0,0,878579710,0,0,0.0,-4.604366145186065,-4.347402547758216,0.0,0.0,0.0
47,ilrma-t-iss-joint,2,10,2,0.6346562499999999,1.0,0,878579710,50,1,1.59511832725988,-6.192350455407107,-2.334987614619073,-1.5879843102210418,2.012414933139143,0.0
48,ilrma,2,10,2,0.6346562499999999,1.0,0,878579710,0,0,0.0,-4.604366145186065,-4.347402547758216,0.0,0.0,0.0
49,ilrma,2,10,2,0.6346562499999999,1.0,0,878579710,50,1,0.1533634777878982,-5.221259983763876,0.1763011724858825,-0.61689383857781,4.523703720244098,0.5
50,auxiva,2,10,2,0.6346562499999999,1.0,0,1819941518,0,0,0.0,-4.885404983473061,-4.589012928416479,0.0,0.0,0.0
51,auxiva,2,10,2,0.6346562499999999,1.0,0,1819941518,50,1,0.05091865172654642,-1.2003874912079167,2.1229443978043165,3.6850174922651435,6.711957326220796,1.0
52,ilrma-t-IP,2,10,2,0.6346562499999999,1.0,0,1819941518,0,0,0.0,-4.885404983473061,-4.589012928416479,0.0,0.0,0.0
53,ilrma-t-IP,2,10,2,0.6346562499999999,1.0,0,1819941518,50,1,3.6283001801850965,-1.2778868513718946,1.9941178244423634,3.607518132101166,6.5831307528588425,1.0
54,ilrma-t-iss-seq,2,10,2,0.6346562499999999,1.0,0,1819941518,0,0,0.0,-4.885404983473061,-4.589012928416479,0.0,0.0,0.0
55,ilrma-t-iss-seq,2,10,2,0.6346562499999999,1.0,0,1819941518,50,1,0.7650149319817402,-1.1843667044167494,2.054319353510688,3.701038279056311,6.643332281927167,1.0
56,ilrma-t-iss-joint,2,10,2,0.6346562499999999,1.0,0,1819941518,0,0,0.0,-4.885404983473061,-4.589012928416479,0.0,0.0,0.0
57,ilrma-t-iss-joint,2,10,2,0.6346562499999999,1.0,0,1819941518,50,1,1.5580067353098248,-1.1843667044167494,2.054319353510688,3.701038279056311,6.643332281927167,1.0
58,ilrma,2,10,2,0.6346562499999999,1.0,0,1819941518,0,0,0.0,-4.885404983473061,-4.589012928416479,0.0,0.0,0.0
59,ilrma,2,10,2,0.6346562499999999,1.0,0,1819941518,50,1,0.16215988158643352,-4.415064911115376,-0.35250500758558195,0.47034007235768405,4.236507920830897,0.5
60,auxiva,2,10,2,0.6346562499999999,1.0,10,1319794951,0,0,0.0,-0.9529244498885774,-0.39363500752787217,0.0,0.0,0.5
61,auxiva,2,10,2,0.6346562499999999,1.0,10,1319794951,50,1,0.04933180248664989,6.8884007933487,12.133529204188136,7.841325243237277,12.52716421171601,1.0
62,ilrma-t-IP,2,10,2,0.6346562499999999,1.0,10,1319794951,0,0,0.0,-0.9529244498885774,-0.39363500752787217,0.0,0.0,0.5
63,ilrma-t-IP,2,10,2,0.6346562499999999,1.0,10,1319794951,50,1,3.330983277313472,6.449403768205279,11.992268058303956,7.4023282180938565,12.38590306583183,1.0
64,ilrma-t-iss-seq,2,10,2,0.6346562499999999,1.0,10,1319794951,0,0,0.0,-0.9529244498885774,-0.39363500752787217,0.0,0.0,0.5
65,ilrma-t-iss-seq,2,10,2,0.6346562499999999,1.0,10,1319794951,50,1,1.0850286935894078,6.3183400067584445,11.919656542180615,7.271264456647022,12.313291549708486,1.0
66,ilrma-t-iss-joint,2,10,2,0.6346562499999999,1.0,10,1319794951,0,0,0.0,-0.9529244498885774,-0.39363500752787217,0.0,0.0,0.5
67,ilrma-t-iss-joint,2,10,2,0.6346562499999999,1.0,10,1319794951,50,1,1.8828020599775512,6.3183400067584445,11.919656542180615,7.271264456647022,12.313291549708486,1.0
68,ilrma,2,10,2,0.6346562499999999,1.0,10,1319794951,0,0,0.0,-0.9529244498885774,-0.39363500752787217,0.0,0.0,0.5
69,ilrma,2,10,2,0.6346562499999999,1.0,10,1319794951,50,1,0.17211516724427547,4.596117961412047,10.330026570682442,5.549042411300625,10.723661578210315,1.0
70,auxiva,2,10,2,0.6346562499999999,1.0,0,457175121,0,0,0.0,-4.916736876050535,-4.528476376114874,0.0,0.0,0.0
71,auxiva,2,10,2,0.6346562499999999,1.0,0,457175121,50,1,0.05149448470716355,-4.04984856525077,-0.5946679102550584,0.8668883107997662,3.933808465859815,0.0
72,ilrma-t-IP,2,10,2,0.6346562499999999,1.0,0,457175121,0,0,0.0,-4.916736876050535,-4.528476376114874,0.0,0.0,0.0
73,ilrma-t-IP,2,10,2,0.6346562499999999,1.0,0,457175121,50,1,2.2600638257993935,-2.477821041506269,1.072373804797293,2.438915834544267,5.6008501809121665,1.0
74,ilrma-t-iss-seq,2,10,2,0.6346562499999999,1.0,0,457175121,0,0,0.0,-4.916736876050535,-4.528476376114874,0.0,0.0,0.0
75,ilrma-t-iss-seq,2,10,2,0.6346562499999999,1.0,0,457175121,50,1,5.026122564334674,-2.471888388791072,1.2187587039769827,2.4448484872594642,5.747235080091857,1.0
76,ilrma-t-iss-joint,2,10,2,0.6346562499999999,1.0,0,457175121,0,0,0.0,-4.916736876050535,-4.528476376114874,0.0,0.0,0.0
77,ilrma-t-iss-joint,2,10,2,0.6346562499999999,1.0,0,457175121,50,1,5.593263675304056,-2.471888388791072,1.2187587039769827,2.4448484872594642,5.747235080091857,1.0
78,ilrma,2,10,2,0.6346562499999999,1.0,0,457175121,0,0,0.0,-4.916736876050535,-4.528476376114874,0.0,0.0,0.0
79,ilrma,2,10,2,0.6346562499999999,1.0,0,457175121,50,1,0.15741326376751155,-8.786827863104394,-0.9974394209766873,-3.8700909870538576,3.531036955138186,0.5
80,auxiva,2,10,2,0.6346562499999999,1.0,0,1712592594,0,0,0.0,-4.855353157924204,-4.5787619229864,0.0,0.0,0.0
81,auxiva,2,10,2,0.6346562499999999,1.0,0,1712592594,50,1,0.0510924685496371,-0.5932479932509659,2.5885268657232223,4.262105164673238,7.167288788709623,1.0
82,ilrma-t-IP,2,10,2,0.6346562499999999,1.0,0,1712592594,0,0,0.0,-4.855353157924204,-4.5787619229864,0.0,0.0,0.0
83,ilrma-t-IP,2,10,2,0.6346562499999999,1.0,0,1712592594,50,1,3.179229760807082,-0.47258783396160414,2.5146399488493265,4.3827653239626,7.093401871835726,1.0
84,ilrma-t-iss-seq,2,10,2,0.6346562499999999,1.0,0,1712592594,0,0,0.0,-4.855353157924204,-4.5787619229864,0.0,0.0,0.0
85,ilrma-t-iss-seq,2,10,2,0.6346562499999999,1.0,0,1712592594,50,1,0.7712623526302618,-5.231637820046213,-3.995951624411749,-0.3762846621220093,0.5828102985746513,0.0
86,ilrma-t-iss-joint,2,10,2,0.6346562499999999,1.0,0,1712592594,0,0,0.0,-4.855353157924204,-4.5787619229864,0.0,0.0,0.0
87,ilrma-t-iss-joint,2,10,2,0.6346562499999999,1.0,0,1712592594,50,1,1.7384243865511608,-5.231637820046213,-3.995951624411749,-0.3762846621220093,0.5828102985746513,0.0
88,ilrma,2,10,2,0.6346562499999999,1.0,0,1712592594,0,0,0.0,-4.855353157924204,-4.5787619229864,0.0,0.0,0.0
89,ilrma,2,10,2,0.6346562499999999,1.0,0,1712592594,50,1,0.16612408553768712,-2.560098759690356,1.7134408012475844,2.295254398233848,6.292202724233984,0.5
90,auxiva,2,10,2,0.6346562499999999,1.0,10,1959836417,0,0,0.0,-0.9741254700108904,-0.5160355900600737,0.0,0.0,0.0
91,auxiva,2,10,2,0.6346562499999999,1.0,10,1959836417,50,1,0.05214022805081189,7.192570290056044,12.123309006159145,8.166695760066935,12.63934459621922,1.0
92,ilrma-t-IP,2,10,2,0.6346562499999999,1.0,10,1959836417,0,0,0.0,-0.9741254700108904,-0.5160355900600737,0.0,0.0,0.0
93,ilrma-t-IP,2,10,2,0.6346562499999999,1.0,10,1959836417,50,1,32.66890496501684,7.350289887182835,12.321464208544764,8.324415357193725,12.837499798604838,1.0
94,ilrma-t-iss-seq,2,10,2,0.6346562499999999,1.0,10,1959836417,0,0,0.0,-0.9741254700108904,-0.5160355900600737,0.0,0.0,0.0
95,ilrma-t-iss-seq,2,10,2,0.6346562499999999,1.0,10,1959836417,50,1,0.8407462937348099,7.338623517136777,12.315836582826764,8.312748987147668,12.831872172886838,1.0
96,ilrma-t-iss-joint,2,10,2,0.6346562499999999,1.0,10,1959836417,0,0,0.0,-0.9741254700108904,-0.5160355900600737,0.0,0.0,0.0
97,ilrma-t-iss-joint,2,10,2,0.6346562499999999,1.0,10,1959836417,50,1,1.6222103767618739,7.338623517136777,12.315836582826764,8.312748987147668,12.831872172886838,1.0
98,ilrma,2,10,2,0.6346562499999999,1.0,10,1959836417,0,0,0.0,-0.9741254700108904,-0.5160355900600737,0.0,0.0,0.0
99,ilrma,2,10,2,0.6346562499999999,1.0,10,1959836417,50,1,0.15488411704670207,7.02653742983546,11.992099815434171,8.00066289984635,12.508135405494246,1.0
100,auxiva,2,10,2,0.6346562499999999,1.0,0,561383553,0,0,0.0,-4.8580997810477005,-4.4875294459978115,0.0,0.0,0.0
101,auxiva,2,10,2,0.6346562499999999,1.0,0,561383553,50,1,0.05230952907776744,-3.097750608788074,0.30593308193437496,1.7603491722596263,4.793462527932187,0.5
102,ilrma-t-IP,2,10,2,0.6346562499999999,1.0,0,561383553,0,0,0.0,-4.8580997810477005,-4.4875294459978115,0.0,0.0,0.0
103,ilrma-t-IP,2,10,2,0.6346562499999999,1.0,0,561383553,50,1,3.247386153220623,-3.0509767796317178,0.8189944575148385,1.807123001415983,5.30652390351265,0.5
104,ilrma-t-iss-seq,2,10,2,0.6346562499999999,1.0,0,561383553,0,0,0.0,-4.8580997810477005,-4.4875294459978115,0.0,0.0,0.0
105,ilrma-t-iss-seq,2,10,2,0.6346562499999999,1.0,0,561383553,50,1,0.6438078192216966,-4.02220164018266,-0.2541795668421973,0.8358981408650408,4.233349879155615,0.5
106,ilrma-t-iss-joint,2,10,2,0.6346562499999999,1.0,0,561383553,0,0,0.0,-4.8580997810477005,-4.4875294459978115,0.0,0.0,0.0
107,ilrma-t-iss-joint,2,10,2,0.6346562499999999,1.0,0,561383553,50,1,1.6884285722753059,-4.02220164018266,-0.2541795668421973,0.8358981408650408,4.233349879155615,0.5
108,ilrma,2,10,2,0.6346562499999999,1.0,0,561383553,0,0,0.0,-4.8580997810477005,-4.4875294459978115,0.0,0.0,0.0
109,ilrma,2,10,2,0.6346562499999999,1.0,0,561383553,50,1,0.15763961075514793,-2.0960099196538517,1.6028712990471528,2.7620898613938487,6.090400745044965,0.5
110,auxiva,2,10,2,0.6346562499999999,1.0,10,36027469,0,0,0.0,-1.0252581534470937,-0.7501603858127462,0.0,0.0,0.0
111,auxiva,2,10,2,0.6346562499999999,1.0,10,36027469,50,1,0.04962597782575567,4.3071408661448345,9.986909665668396,5.332399019591928,10.73707005148114,1.0
112,ilrma-t-IP,2,10,2,0.6346562499999999,1.0,10,36027469,0,0,0.0,-1.0252581534470937,-0.7501603858127462,0.0,0.0,0.0
113,ilrma-t-IP,2,10,2,0.6346562499999999,1.0,10,36027469,50,1,2.255267360038381,5.535790881065769,10.938041444000282,6.5610490345128625,11.688201829813028,1.0
114,ilrma-t-iss-seq,2,10,2,0.6346562499999999,1.0,10,36027469,0,0,0.0,-1.0252581534470937,-0.7501603858127462,0.0,0.0,0.0
115,ilrma-t-iss-seq,2,10,2,0.6346562499999999,1.0,10,36027469,50,1,4.301126336319628,4.973739503708081,10.385266337393702,5.998997657155174,11.135426723206448,1.0
116,ilrma-t-iss-joint,2,10,2,0.6346562499999999,1.0,10,36027469,0,0,0.0,-1.0252581534470937,-0.7501603858127462,0.0,0.0,0.0
117,ilrma-t-iss-joint,2,10,2,0.6346562499999999,1.0,10,36027469,50,1,5.164423795924403,4.973739503708081,10.385266337393702,5.998997657155174,11.135426723206448,1.0
118,ilrma,2,10,2,0.6346562499999999,1.0,10,36027469,0,0,0.0,-1.0252581534470937,-0.7501603858127462,0.0,0.0,0.0
119,ilrma,2,10,2,0.6346562499999999,1.0,10,36027469,50,1,0.15967786816784119,5.143795415510223,10.6612856643658,6.169053568957317,11.411446050178544,1.0
120,auxiva,2,10,2,0.6346562499999999,1.0,10,1063926992,0,0,0.0,-1.0174129885542436,-0.7208482459150575,0.0,0.0,0.0
121,auxiva,2,10,2,0.6346562499999999,1.0,10,1063926992,50,1,0.05261767760618758,5.52720560860851,11.315769975405479,6.544618597162753,12.036618221320536,1.0
122,ilrma-t-IP,2,10,2,0.6346562499999999,1.0,10,1063926992,0,0,0.0,-1.0174129885542436,-0.7208482459150575,0.0,0.0,0.0
123,ilrma-t-IP,2,10,2,0.6346562499999999,1.0,10,1063926992,50,1,3.7388714811649937,5.600625034727556,11.303437762384302,6.6180380232818,12.02428600829936,1.0
124,ilrma-t-iss-seq,2,10,2,0.6346562499999999,1.0,10,1063926992,0,0,0.0,-1.0174129885542436,-0.7208482459150575,0.0,0.0,0.0
125,ilrma-t-iss-seq,2,10,2,0.6346562499999999,1.0,10,1063926992,50,1,0.7457328291757767,5.376390784186217,11.197151516049798,6.39380377274046,11.917999761964856,1.0
126,ilrma-t-iss-joint,2,10,2,0.6346562499999999,1.0,10,1063926992,0,0,0.0,-1.0174129885542436,-0.7208482459150575,0.0,0.0,0.0
127,ilrma-t-iss-joint,2,10,2,0.6346562499999999,1.0,10,1063926992,50,1,1.716337477445741,5.376390784186217,11.197151516049798,6.39380377274046,11.917999761964856,1.0
128,ilrma,2,10,2,0.6346562499999999,1.0,10,1063926992,0,0,0.0,-1.0174129885542436,-0.7208482459150575,0.0,0.0,0.0
129,ilrma,2,10,2,0.6346562499999999,1.0,10,1063926992,50,1,0.16566148189877344,5.690967701366841,10.9027658209999,6.708380689921084,11.623614066914957,1.0
130,auxiva,2,10,2,0.6346562499999999,1.0,0,1983958385,0,0,0.0,-4.931849232786439,-4.643593782283226,0.0,0.0,0.0
131,auxiva,2,10,2,0.6346562499999999,1.0,0,1983958385,50,1,0.05415310695733704,-2.3049708285146338,1.4372046891124974,2.6268784042718054,6.080798471395724,0.5
132,ilrma-t-IP,2,10,2,0.6346562499999999,1.0,0,1983958385,0,0,0.0,-4.931849232786439,-4.643593782283226,0.0,0.0,0.0
133,ilrma-t-IP,2,10,2,0.6346562499999999,1.0,0,1983958385,50,1,3.8764730620178636,-1.5152075083441905,1.9730359943102092,3.4166417244422487,6.616629776593436,0.5
134,ilrma-t-iss-seq,2,10,2,0.6346562499999999,1.0,0,1983958385,0,0,0.0,-4.931849232786439,-4.643593782283226,0.0,0.0,0.0
135,ilrma-t-iss-seq,2,10,2,0.6346562499999999,1.0,0,1983958385,50,1,0.6705618181640938,-3.4142304761035183,1.4393205090667192,1.517618756682921,6.082914291349945,0.5
136,ilrma-t-iss-joint,2,10,2,0.6346562499999999,1.0,0,1983958385,0,0,0.0,-4.931849232786439,-4.643593782283226,0.0,0.0,0.0
137,ilrma-t-iss-joint,2,10,2,0.6346562499999999,1.0,0,1983958385,50,1,1.5261816260833914,-3.4142304761035183,1.4393205090667192,1.517618756682921,6.082914291349945,0.5
138,ilrma,2,10,2,0.6346562499999999,1.0,0,1983958385,0,0,0.0,-4.931849232786439,-4.643593782283226,0.0,0.0,0.0
139,ilrma,2,10,2,0.6346562499999999,1.0,0,1983958385,50,1,0.16560809012336,-9.441114648028629,-3.085135440078831,-4.50926541524219,1.5584583422043954,0.0
140,auxiva,2,10,2,0.6346562499999999,1.0,0,1995074678,0,0,0.0,-4.721915733490089,-4.4660676345772,0.0,0.0,0.0
141,auxiva,2,10,2,0.6346562499999999,1.0,0,1995074678,50,1,0.052719626858412215,-1.2746698932644083,1.9307028267065807,3.4472458402256816,6.396770461283781,1.0
142,ilrma-t-IP,2,10,2,0.6346562499999999,1.0,0,1995074678,0,0,0.0,-4.721915733490089,-4.4660676345772,0.0,0.0,0.0
143,ilrma-t-IP,2,10,2,0.6346562499999999,1.0,0,1995074678,50,1,3.6185647371831156,-0.7872862027058567,2.26697908866141,3.9346295307842327,6.73304672323861,1.0
144,ilrma-t-iss-seq,2,10,2,0.6346562499999999,1.0,0,1995074678,0,0,0.0,-4.721915733490089,-4.4660676345772,0.0,0.0,0.0
145,ilrma-t-iss-seq,2,10,2,0.6346562499999999,1.0,0,1995074678,50,1,0.7456315462921977,-0.7635437544491852,2.3314504534869913,3.958371979040904,6.7975180880641926,1.0
146,ilrma-t-iss-joint,2,10,2,0.6346562499999999,1.0,0,1995074678,0,0,0.0,-4.721915733490089,-4.4660676345772,0.0,0.0,0.0
147,ilrma-t-iss-joint,2,10,2,0.6346562499999999,1.0,0,1995074678,50,1,1.7647880655836028,-0.7635437544491852,2.3314504534869913,3.958371979040904,6.7975180880641926,1.0
148,ilrma,2,10,2,0.6346562499999999,1.0,0,1995074678,0,0,0.0,-4.721915733490089,-4.4660676345772,0.0,0.0,0.0
149,ilrma,2,10,2,0.6346562499999999,1.0,0,1995074678,50,1,0.16691268350301255,-0.4587253480273754,2.463552947642026,4.263190385462714,6.929620582219227,1.0
150,auxiva,2,10,2,0.6346562499999999,1.0,0,1282922662,0,0,0.0,-4.806915735646103,-4.516105287181723,0.0,0.0,0.0
151,auxiva,2,10,2,0.6346562499999999,1.0,0,1282922662,50,1,0.05463051542848415,-2.768444256717692,0.694502741793682,2.038471478928411,5.210608028975406,0.5
152,ilrma-t-IP,2,10,2,0.6346562499999999,1.0,0,1282922662,0,0,0.0,-4.806915735646103,-4.516105287181723,0.0,0.0,0.0
153,ilrma-t-IP,2,10,2,0.6346562499999999,1.0,0,1282922662,50,1,3.4788439983583013,-2.726797130459595,0.6261895201659036,2.080118605186508,5.142294807347627,0.5
154,ilrma-t-iss-seq,2,10,2,0.6346562499999999,1.0,0,1282922662,0,0,0.0,-4.806915735646103,-4.516105287181723,0.0,0.0,0.0
155,ilrma-t-iss-seq,2,10,2,0.6346562499999999,1.0,0,1282922662,50,1,0.8531007985274154,-2.740298444765723,0.6540143019319364,2.06661729088038,5.17011958911366,1.0
156,ilrma-t-iss-joint,2,10,2,0.6346562499999999,1.0,0,1282922662,0,0,0.0,-4.806915735646103,-4.516105287181723,0.0,0.0,0.0
157,ilrma-t-iss-joint,2,10,2,0.6346562499999999,1.0,0,1282922662,50,1,1.7504814351702993,-2.740298444765723,0.6540143019319364,2.06661729088038,5.17011958911366,1.0
158,ilrma,2,10,2,0.6346562499999999,1.0,0,1282922662,0,0,0.0,-4.806915735646103,-4.516105287181723,0.0,0.0,0.0
159,ilrma,2,10,2,0.6346562499999999,1.0,0,1282922662,50,1,0.17202507990992996,-2.0922564314060033,1.018789205034002,2.7146593042401,5.5348944922157255,1.0
160,auxiva,2,10,2,0.6346562499999999,1.0,0,410361373,0,0,0.0,-4.98666339269654,-4.668292730405161,0.0,0.0,0.0
161,auxiva,2,10,2,0.6346562499999999,1.0,0,410361373,50,1,0.05502330997578342,-1.764950577797614,1.4930761771061944,3.221712814898927,6.161368907511356,1.0
162,ilrma-t-IP,2,10,2,0.6346562499999999,1.0,0,410361373,0,0,0.0,-4.98666339269654,-4.668292730405161,0.0,0.0,0.0
163,ilrma-t-IP,2,10,2,0.6346562499999999,1.0,0,410361373,50,1,3.7909855635889547,-0.9148978723476702,2.2889509625570548,4.071765520348871,6.957243692962216,1.0
164,ilrma-t-iss-seq,2,10,2,0.6346562499999999,1.0,0,410361373,0,0,0.0,-4.98666339269654,-4.668292730405161,0.0,0.0,0.0
165,ilrma-t-iss-seq,2,10,2,0.6346562499999999,1.0,0,410361373,50,1,0.7932669185212391,-0.8866300651738255,2.3946385748067565,4.100033327522715,7.062931305211918,1.0
166,ilrma-t-iss-joint,2,10,2,0.6346562499999999,1.0,0,410361373,0,0,0.0,-4.98666339269654,-4.668292730405161,0.0,0.0,0.0
167,ilrma-t-iss-joint,2,10,2,0.6346562499999999,1.0,0,410361373,50,1,1.776703108551557,-0.8866300651738255,2.3946385748067565,4.100033327522715,7.062931305211918,1.0
168,ilrma,2,10,2,0.6346562499999999,1.0,0,410361373,0,0,0.0,-4.98666339269654,-4.668292730405161,0.0,0.0,0.0
169,ilrma,2,10,2,0.6346562499999999,1.0,0,410361373,50,1,0.17314266929212865,-4.620680138671955,0.7040011632462493,0.36598325402458576,5.37229389365141,0.5
170,auxiva,2,10,2,0.6346562499999999,1.0,10,665605494,0,0,0.0,-0.9472502787998206,-0.5863050523061649,0.0,0.0,0.0
171,auxiva,2,10,2,0.6346562499999999,1.0,10,665605494,50,1,0.052958065439760456,6.899433378835341,12.153093914550096,7.846683657635161,12.73939896685626,1.0
172,ilrma-t-IP,2,10,2,0.6346562499999999,1.0,10,665605494,0,0,0.0,-0.9472502787998206,-0.5863050523061649,0.0,0.0,0.0
173,ilrma-t-IP,2,10,2,0.6346562499999999,1.0,10,665605494,50,1,4.283629364727569,7.122922831787134,12.265622570029992,8.070173110586955,12.851927622336156,1.0
174,ilrma-t-iss-seq,2,10,2,0.6346562499999999,1.0,10,665605494,0,0,0.0,-0.9472502787998206,-0.5863050523061649,0.0,0.0,0.0
175,ilrma-t-iss-seq,2,10,2,0.6346562499999999,1.0,10,665605494,50,1,0.9390332238419057,5.904701461593278,11.716998373150405,6.851951740393098,12.30330342545657,1.0
176,ilrma-t-iss-joint,2,10,2,0.6346562499999999,1.0,10,665605494,0,0,0.0,-0.9472502787998206,-0.5863050523061649,0.0,0.0,0.0
177,ilrma-t-iss-joint,2,10,2,0.6346562499999999,1.0,10,665605494,50,1,2.030837537889861,5.904701461593278,11.716998373150405,6.851951740393098,12.30330342545657,1.0
178,ilrma,2,10,2,0.6346562499999999,1.0,10,665605494,0,0,0.0,-0.9472502787998206,-0.5863050523061649,0.0,0.0,0.0
179,ilrma,2,10,2,0.6346562499999999,1.0,10,665605494,50,1,0.19401524780057003,5.914869422731984,11.3518677575499,6.862119701531805,11.938172809856065,1.0
180,auxiva,2,10,2,0.6346562499999999,1.0,10,457175121,0,0,0.0,-0.9630048352021341,-0.419543364821639,0.0,0.0,0.5
181,auxiva,2,10,2,0.6346562499999999,1.0,10,457175121,50,1,0.05054124263573858,6.000620119795501,11.519027320751295,6.963624954997635,11.938570685572934,1.0
182,ilrma-t-IP,2,10,2,0.6346562499999999,1.0,10,457175121,0,0,0.0,-0.9630048352021341,-0.419543364821639,0.0,0.0,0.5
183,ilrma-t-IP,2,10,2,0.6346562499999999,1.0,10,457175121,50,1,2.833538655814984,6.77189289327108,11.992156279184822,7.734897728473214,12.411699644006461,1.0
184,ilrma-t-iss-seq,2,10,2,0.6346562499999999,1.0,10,457175121,0,0,0.0,-0.9630048352021341,-0.419543364821639,0.0,0.0,0.5
185,ilrma-t-iss-seq,2,10,2,0.6346562499999999,1.0,10,457175121,50,1,3.8674847843317885,6.736042482287139,11.961611275454974,7.699047317489274,12.381154640276613,1.0
186,ilrma-t-iss-joint,2,10,2,0.6346562499999999,1.0,10,457175121,0,0,0.0,-0.9630048352021341,-0.419543364821639,0.0,0.0,0.5
187,ilrma-t-iss-joint,2,10,2,0.6346562499999999,1.0,10,457175121,50,1,4.543494932535569,6.736042482287139,11.961611275454974,7.699047317489274,12.381154640276613,1.0
188,ilrma,2,10,2,0.6346562499999999,1.0,10,457175121,0,0,0.0,-0.9630048352021341,-0.419543364821639,0.0,0.0,0.5
189,ilrma,2,10,2,0.6346562499999999,1.0,10,457175121,50,1,0.15910455199673795,6.106730209368808,11.51709721645065,7.069735044570942,11.93664058127229,1.0
190,auxiva,2,10,2,0.6346562499999999,1.0,10,1995074678,0,0,0.0,-0.7760491175252355,-0.46705458104960146,0.0,0.0,0.0
191,auxiva,2,10,2,0.6346562499999999,1.0,10,1995074678,50,1,0.05051487538206795,5.802570331290884,11.524667346503907,6.578619448816118,11.99172192755351,1.0
192,ilrma-t-IP,2,10,2,0.6346562499999999,1.0,10,1995074678,0,0,0.0,-0.7760491175252355,-0.46705458104960146,0.0,0.0,0.0
193,ilrma-t-IP,2,10,2,0.6346562499999999,1.0,10,1995074678,50,1,2.940979169060362,5.98585590717446,11.617425363210684,6.761905024699695,12.084479944260284,1.0
194,ilrma-t-iss-seq,2,10,2,0.6346562499999999,1.0,10,1995074678,0,0,0.0,-0.7760491175252355,-0.46705458104960146,0.0,0.0,0.0
195,ilrma-t-iss-seq,2,10,2,0.6346562499999999,1.0,10,1995074678,50,1,0.6701649105866961,5.971154970863585,11.625248535130705,6.74720408838882,12.092303116180307,1.0
196,ilrma-t-iss-joint,2,10,2,0.6346562499999999,1.0,10,1995074678,0,0,0.0,-0.7760491175252355,-0.46705458104960146,0.0,0.0,0.0
197,ilrma-t-iss-joint,2,10,2,0.6346562499999999,1.0,10,1995074678,50,1,1.5479929108164694,5.971154970863585,11.625248535130705,6.74720408838882,12.092303116180307,1.0
198,ilrma,2,10,2,0.6346562499999999,1.0,10,1995074678,0,0,0.0,-0.7760491175252355,-0.46705458104960146,0.0,0.0,0.0
199,ilrma,2,10,2,0.6346562499999999,1.0,10,1995074678,50,1,0.15404627115832634,6.769449009749724,11.71720385103566,7.54549812727496,12.184258432085262,1.0
200,auxiva,2,10,2,0.6346562499999999,1.0,10,671780907,0,0,0.0,-0.872868594449286,-0.5598692161330702,0.0,0.0,0.0
201,auxiva,2,10,2,0.6346562499999999,1.0,10,671780907,50,1,0.051249558898449135,5.353344927890441,11.110826044225139,6.226213522339727,11.67069526035821,1.0
202,ilrma-t-IP,2,10,2,0.6346562499999999,1.0,10,671780907,0,0,0.0,-0.872868594449286,-0.5598692161330702,0.0,0.0,0.0
203,ilrma-t-IP,2,10,2,0.6346562499999999,1.0,10,671780907,50,1,2.5413311328513806,6.540215994851653,11.735020107470149,7.41308458930094,12.294889323603218,1.0
204,ilrma-t-iss-seq,2,10,2,0.6346562499999999,1.0,10,671780907,0,0,0.0,-0.872868594449286,-0.5598692161330702,0.0,0.0,0.0
205,ilrma-t-iss-seq,2,10,2,0.6346562499999999,1.0,10,671780907,50,1,0.703751203775654,6.509044024258601,11.714208798174399,7.3819126187078865,12.27407801430747,1.0
206,ilrma-t-iss-joint,2,10,2,0.6346562499999999,1.0,10,671780907,0,0,0.0,-0.872868594449286,-0.5598692161330702,0.0,0.0,0.0
207,ilrma-t-iss-joint,2,10,2,0.6346562499999999,1.0,10,671780907,50,1,1.4725183523029821,6.509044024258601,11.714208798174399,7.3819126187078865,12.27407801430747,1.0
208,ilrma,2,10,2,0.6346562499999999,1.0,10,671780907,0,0,0.0,-0.872868594449286,-0.5598692161330702,0.0,0.0,0.0
209,ilrma,2,10,2,0.6346562499999999,1.0,10,671780907,50,1,0.16540246733970856,6.062113164710861,11.243550522570635,6.934981759160147,11.803419738703706,1.0
210,auxiva,2,10,2,0.6346562499999999,1.0,0,665605494,0,0,0.0,-4.809949884091884,-4.501051207204406,0.0,0.0,0.0
211,auxiva,2,10,2,0.6346562499999999,1.0,0,665605494,50,1,0.05248331422391566,-7.627963172535629,-3.9057994133797203,-2.818013288443745,0.5952517938246857,0.0
212,ilrma-t-IP,2,10,2,0.6346562499999999,1.0,0,665605494,0,0,0.0,-4.809949884091884,-4.501051207204406,0.0,0.0,0.0
213,ilrma-t-IP,2,10,2,0.6346562499999999,1.0,0,665605494,50,1,3.358413006939843,-1.9327465214484087,2.037055901652423,2.877203362643475,6.538107108856829,0.5
214,ilrma-t-iss-seq,2,10,2,0.6346562499999999,1.0,0,665605494,0,0,0.0,-4.809949884091884,-4.501051207204406,0.0,0.0,0.0
215,ilrma-t-iss-seq,2,10,2,0.6346562499999999,1.0,0,665605494,50,1,0.751837179713554,-6.462942983295127,-1.4046845928984395,-1.6529930992032438,3.0963666143059667,0.5
216,ilrma-t-iss-joint,2,10,2,0.6346562499999999,1.0,0,665605494,0,0,0.0,-4.809949884091884,-4.501051207204406,0.0,0.0,0.0
217,ilrma-t-iss-joint,2,10,2,0.6346562499999999,1.0,0,665605494,50,1,1.6724980074681817,-6.462942983295127,-1.4046845928984395,-1.6529930992032438,3.0963666143059667,0.5
218,ilrma,2,10,2,0.6346562499999999,1.0,0,665605494,0,0,0.0,-4.809949884091884,-4.501051207204406,0.0,0.0,0.0
219,ilrma,2,10,2,0.6346562499999999,1.0,0,665605494,50,1,0.164308749406396,-3.724356612635456,-0.25195464520022676,1.0855932714564278,4.249096562004179,0.0
220,auxiva,2,10,2,0.6346562499999999,1.0,10,137773602,0,0,0.0,-0.8799326425214093,-0.49460431838563335,0.0,0.0,0.0
221,auxiva,2,10,2,0.6346562499999999,1.0,10,137773602,50,1,0.0524474126996321,4.278224786500429,10.116952801107063,5.158157429021839,10.611557119492696,1.0
222,ilrma-t-IP,2,10,2,0.6346562499999999,1.0,10,137773602,0,0,0.0,-0.8799326425214093,-0.49460431838563335,0.0,0.0,0.0
223,ilrma-t-IP,2,10,2,0.6346562499999999,1.0,10,137773602,50,1,2.497299121917636,3.8450935766065175,9.55151567874438,4.725026219127927,10.046119997130013,1.0
224,ilrma-t-iss-seq,2,10,2,0.6346562499999999,1.0,10,137773602,0,0,0.0,-0.8799326425214093,-0.49460431838563335,0.0,0.0,0.0
225,ilrma-t-iss-seq,2,10,2,0.6346562499999999,1.0,10,137773602,50,1,0.7167339476725892,3.798567752581779,9.518917173844681,4.678500395103189,10.013521492230314,1.0
226,ilrma-t-iss-joint,2,10,2,0.6346562499999999,1.0,10,137773602,0,0,0.0,-0.8799326425214093,-0.49460431838563335,0.0,0.0,0.0
227,ilrma-t-iss-joint,2,10,2,0.6346562499999999,1.0,10,137773602,50,1,1.6625799677857378,3.798567752581779,9.518917173844681,4.678500395103189,10.013521492230314,1.0
228,ilrma,2,10,2,0.6346562499999999,1.0,10,137773602,0,0,0.0,-0.8799326425214093,-0.49460431838563335,0.0,0.0,0.0
229,ilrma,2,10,2,0.6346562499999999,1.0,10,137773602,50,1,0.16125567378007277,4.073405951041582,11.498077892235237,4.953338593562991,11.992682210620869,1.0
230,auxiva,2,10,2,0.6346562499999999,1.0,10,1251993226,0,0,0.0,-0.9527151450474716,-0.710878488817734,0.0,0.0,0.0
231,auxiva,2,10,2,0.6346562499999999,1.0,10,1251993226,50,1,0.054489453480292216,6.34184178654875,11.986134451607862,7.294556931596222,12.697012940425596,1.0
232,ilrma-t-IP,2,10,2,0.6346562499999999,1.0,10,1251993226,0,0,0.0,-0.9527151450474716,-0.710878488817734,0.0,0.0,0.0
233,ilrma-t-IP,2,10,2,0.6346562499999999,1.0,10,1251993226,50,1,2.074801489728116,6.4263418836851285,12.00379615461378,7.3790570287326,12.714674643431515,1.0
234,ilrma-t-iss-seq,2,10,2,0.6346562499999999,1.0,10,1251993226,0,0,0.0,-0.9527151450474716,-0.710878488817734,0.0,0.0,0.0
235,ilrma-t-iss-seq,2,10,2,0.6346562499999999,1.0,10,1251993226,50,1,3.4785534420384145,6.397124228560269,12.01008939719221,7.349839373607741,12.720967886009944,1.0
236,ilrma-t-iss-joint,2,10,2,0.6346562499999999,1.0,10,1251993226,0,0,0.0,-0.9527151450474716,-0.710878488817734,0.0,0.0,0.0
237,ilrma-t-iss-joint,2,10,2,0.6346562499999999,1.0,10,1251993226,50,1,4.440483826061184,6.397124228560269,12.01008939719221,7.349839373607741,12.720967886009944,1.0
238,ilrma,2,10,2,0.6346562499999999,1.0,10,1251993226,0,0,0.0,-0.9527151450474716,-0.710878488817734,0.0,0.0,0.0
239,ilrma,2,10,2,0.6346562499999999,1.0,10,1251993226,50,1,0.18673901725993794,6.785104640731432,11.704964399323199,7.737819785778903,12.415842888140933,1.0
240,auxiva,2,10,2,0.6346562499999999,1.0,10,1675701733,0,0,0.0,-0.7908598651255049,-0.7836500460612932,0.0,0.0,0.0
241,auxiva,2,10,2,0.6346562499999999,1.0,10,1675701733,50,1,0.055651353018573095,5.510174327440137,11.321932158710103,6.301034192565642,12.105582204771396,1.0
242,ilrma-t-IP,2,10,2,0.6346562499999999,1.0,10,1675701733,0,0,0.0,-0.7908598651255049,-0.7836500460612932,0.0,0.0,0.0
243,ilrma-t-IP,2,10,2,0.6346562499999999,1.0,10,1675701733,50,1,2.88319164305465,5.840761695642323,11.404889807384247,6.631621560767828,12.18853985344554,1.0
244,ilrma-t-iss-seq,2,10,2,0.6346562499999999,1.0,10,1675701733,0,0,0.0,-0.7908598651255049,-0.7836500460612932,0.0,0.0,0.0
245,ilrma-t-iss-seq,2,10,2,0.6346562499999999,1.0,10,1675701733,50,1,0.89583272238484,5.689690385442168,11.295634862290413,6.480550250567672,12.079284908351706,1.0
246,ilrma-t-iss-joint,2,10,2,0.6346562499999999,1.0,10,1675701733,0,0,0.0,-0.7908598651255049,-0.7836500460612932,0.0,0.0,0.0
247,ilrma-t-iss-joint,2,10,2,0.6346562499999999,1.0,10,1675701733,50,1,2.329010044345278,5.689690385442168,11.295634862290413,6.480550250567672,12.079284908351706,1.0
248,ilrma,2,10,2,0.6346562499999999,1.0,10,1675701733,0,0,0.0,-0.7908598651255049,-0.7836500460612932,0.0,0.0,0.0
249,ilrma,2,10,2,0.6346562499999999,1.0,10,1675701733,50,1,0.1750989821217143,5.194457562844901,10.838904527711534,5.985317427970406,11.622554573772828,1.0
250,auxiva,2,10,2,0.6346562499999999,1.0,10,1685103474,0,0,0.0,-1.0032811935128343,-0.7198381303926733,0.0,0.0,0.0
251,auxiva,2,10,2,0.6346562499999999,1.0,10,1685103474,50,1,0.054915379608665583,5.50940114560004,11.279554435064139,6.5126823391128745,11.999392565456812,1.0
252,ilrma-t-IP,2,10,2,0.6346562499999999,1.0,10,1685103474,0,0,0.0,-1.0032811935128343,-0.7198381303926733,0.0,0.0,0.0
253,ilrma-t-IP,2,10,2,0.6346562499999999,1.0,10,1685103474,50,1,3.084292851058166,5.69602620309381,11.42456548496093,6.699307396606644,12.144403615353603,1.0
254,ilrma-t-iss-seq,2,10,2,0.6346562499999999,1.0,10,1685103474,0,0,0.0,-1.0032811935128343,-0.7198381303926733,0.0,0.0,0.0
255,ilrma-t-iss-seq,2,10,2,0.6346562499999999,1.0,10,1685103474,50,1,0.7146941941809665,5.6444224368673215,11.39234113322977,6.647703630380156,12.112179263622444,1.0
256,ilrma-t-iss-joint,2,10,2,0.6346562499999999,1.0,10,1685103474,0,0,0.0,-1.0032811935128343,-0.7198381303926733,0.0,0.0,0.0
257,ilrma-t-iss-joint,2,10,2,0.6346562499999999,1.0,10,1685103474,50,1,1.9227645661798978,5.6444224368673215,11.39234113322977,6.647703630380156,12.112179263622444,1.0
258,ilrma,2,10,2,0.6346562499999999,1.0,10,1685103474,0,0,0.0,-1.0032811935128343,-0.7198381303926733,0.0,0.0,0.0
259,ilrma,2,10,2,0.6346562499999999,1.0,10,1685103474,50,1,0.17960310966997253,6.043967038846165,11.751880530932059,7.047248232358999,12.471718661324733,1.0
260,auxiva,2,10,2,0.6346562499999999,1.0,10,659577591,0,0,0.0,-1.098297331644691,-0.8884152786144867,0.0,0.0,0.0
261,auxiva,2,10,2,0.6346562499999999,1.0,10,659577591,50,1,0.05582053237586987,4.685736853889966,10.672823285725224,5.784034185534657,11.56123856433971,1.0
262,ilrma-t-IP,2,10,2,0.6346562499999999,1.0,10,659577591,0,0,0.0,-1.098297331644691,-0.8884152786144867,0.0,0.0,0.0
263,ilrma-t-IP,2,10,2,0.6346562499999999,1.0,10,659577591,50,1,3.7097466272930513,5.040998836612412,11.084938087148874,6.139296168257103,11.973353365763362,1.0
264,ilrma-t-iss-seq,2,10,2,0.6346562499999999,1.0,10,659577591,0,0,0.0,-1.098297331644691,-0.8884152786144867,0.0,0.0,0.0
265,ilrma-t-iss-seq,2,10,2,0.6346562499999999,1.0,10,659577591,50,1,0.9245968934809748,5.614197969286745,11.342032239459199,6.712495300931436,12.230447518073685,1.0
266,ilrma-t-iss-joint,2,10,2,0.6346562499999999,1.0,10,659577591,0,0,0.0,-1.098297331644691,-0.8884152786144867,0.0,0.0,0.0
267,ilrma-t-iss-joint,2,10,2,0.6346562499999999,1.0,10,659577591,50,1,2.1191818531058084,5.614197969286745,11.342032239459199,6.712495300931436,12.230447518073685,1.0
268,ilrma,2,10,2,0.6346562499999999,1.0,10,659577591,0,0,0.0,-1.098297331644691,-0.8884152786144867,0.0,0.0,0.0
269,ilrma,2,10,2,0.6346562499999999,1.0,10,659577591,50,1,0.1773538933590138,5.26327106300217,11.033078562854236,6.361568394646861,11.921493841468724,1.0
270,auxiva,2,10,2,0.6346562499999999,1.0,0,290876773,0,0,0.0,-4.767221302098066,-4.737949747117446,0.0,0.0,0.0
271,auxiva,2,10,2,0.6346562499999999,1.0,0,290876773,50,1,0.05491775416126307,-1.4718398356243334,1.8123776605324922,3.2953814664737324,6.550327407649937,1.0
272,ilrma-t-IP,2,10,2,0.6346562499999999,1.0,0,290876773,0,0,0.0,-4.767221302098066,-4.737949747117446,0.0,0.0,0.0
273,ilrma-t-IP,2,10,2,0.6346562499999999,1.0,0,290876773,50,1,3.5605380115528606,-1.5777067311876014,1.764130289603913,3.1895145709104646,6.502080036721358,1.0
274,ilrma-t-iss-seq,2,10,2,0.6346562499999999,1.0,0,290876773,0,0,0.0,-4.767221302098066,-4.737949747117446,0.0,0.0,0.0
275,ilrma-t-iss-seq,2,10,2,0.6346562499999999,1.0,0,290876773,50,1,0.8405396110147104,-1.646392021835231,1.6967183342372145,3.120829280262835,6.43466808135466,1.0
276,ilrma-t-iss-joint,2,10,2,0.6346562499999999,1.0,0,290876773,0,0,0.0,-4.767221302098066,-4.737949747117446,0.0,0.0,0.0
277,ilrma-t-iss-joint,2,10,2,0.6346562499999999,1.0,0,290876773,50,1,2.033026561545399,-1.646392021835231,1.6967183342372145,3.120829280262835,6.43466808135466,1.0
278,ilrma,2,10,2,0.6346562499999999,1.0,0,290876773,0,0,0.0,-4.767221302098066,-4.737949747117446,0.0,0.0,0.0
279,ilrma,2,10,2,0.6346562499999999,1.0,0,290876773,50,1,0.18423261913869596,-2.0363461654301913,1.2440134179653433,2.7308751366678745,5.981963165082789,1.0
280,auxiva,2,10,2,0.6346562499999999,1.0,10,170765737,0,0,0.0,-0.9451749932424616,-0.5619595067970881,0.0,0.0,0.0
281,auxiva,2,10,2,0.6346562499999999,1.0,10,170765737,50,1,0.05404205703279103,6.587370677492276,11.728519623101173,7.532545670734737,12.290479129898262,1.0
282,ilrma-t-IP,2,10,2,0.6346562499999999,1.0,10,170765737,0,0,0.0,-0.9451749932424616,-0.5619595067970881,0.0,0.0,0.0
283,ilrma-t-IP,2,10,2,0.6346562499999999,1.0,10,170765737,50,1,3.6410105369130754,7.126195149615319,11.987973483418838,8.07137014285778,12.549932990215925,1.0
284,ilrma-t-iss-seq,2,10,2,0.6346562499999999,1.0,10,170765737,0,0,0.0,-0.9451749932424616,-0.5619595067970881,0.0,0.0,0.0
285,ilrma-t-iss-seq,2,10,2,0.6346562499999999,1.0,10,170765737,50,1,0.858365273496487,7.125494806214384,12.000547063141749,8.070669799456844,12.562506569938837,1.0
286,ilrma-t-iss-joint,2,10,2,0.6346562499999999,1.0,10,170765737,0,0,0.0,-0.9451749932424616,-0.5619595067970881,0.0,0.0,0.0
287,ilrma-t-iss-joint,2,10,2,0.6346562499999999,1.0,10,170765737,50,1,2.0414454717833275,7.125494806214384,12.000547063141749,8.070669799456844,12.562506569938837,1.0
288,ilrma,2,10,2,0.6346562499999999,1.0,10,170765737,0,0,0.0,-0.9451749932424616,-0.5619595067970881,0.0,0.0,0.0
289,ilrma,2,10,2,0.6346562499999999,1.0,10,170765737,50,1,0.18660577373420373,6.952977157669098,11.347414386068468,7.898152150911559,11.909373892865558,1.0
290,auxiva,2,10,2,0.6346562499999999,1.0,0,1251993226,0,0,0.0,-4.862557832154767,-4.635450725739242,0.0,0.0,0.0
291,auxiva,2,10,2,0.6346562499999999,1.0,0,1251993226,50,1,0.051739421523331004,-0.9537001430117236,2.2015188419645293,3.9088576891430433,6.83696956770377,1.0
292,ilrma-t-IP,2,10,2,0.6346562499999999,1.0,0,1251993226,0,0,0.0,-4.862557832154767,-4.635450725739242,0.0,0.0,0.0
293,ilrma-t-IP,2,10,2,0.6346562499999999,1.0,0,1251993226,50,1,3.532150286744413,-0.8758356160348901,2.188579125200965,3.9867222161198765,6.824029850940207,1.0
294,ilrma-t-iss-seq,2,10,2,0.6346562499999999,1.0,0,1251993226,0,0,0.0,-4.862557832154767,-4.635450725739242,0.0,0.0,0.0
295,ilrma-t-iss-seq,2,10,2,0.6346562499999999,1.0,0,1251993226,50,1,2.742311242916045,-0.8596125437395004,2.3712386562881465,4.002945288415266,7.006689382027387,1.0
296,ilrma-t-iss-joint,2,10,2,0.6346562499999999,1.0,0,1251993226,0,0,0.0,-4.862557832154767,-4.635450725739242,0.0,0.0,0.0
297,ilrma-t-iss-joint,2,10,2,0.6346562499999999,1.0,0,1251993226,50,1,4.6613360717632935,-0.8596125437395004,2.3712386562881465,4.002945288415266,7.006689382027387,1.0
298,ilrma,2,10,2,0.6346562499999999,1.0,0,1251993226,0,0,0.0,-4.862557832154767,-4.635450725739242,0.0,0.0,0.0
299,ilrma,2,10,2,0.6346562499999999,1.0,0,1251993226,50,1,0.18520548975094295,-3.039787990545082,2.9211935760022962,1.8227698416096847,7.556644301741538,0.5
300,auxiva,2,10,2,0.6346562499999999,1.0,10,1402032510,0,0,0.0,-1.0484135776819894,-0.5705499276411062,0.0,0.0,0.0
301,auxiva,2,10,2,0.6346562499999999,1.0,10,1402032510,50,1,0.05528559942786786,6.520267942227816,11.910692071166505,7.568681519909806,12.481241998807612,1.0
302,ilrma-t-IP,2,10,2,0.6346562499999999,1.0,10,1402032510,0,0,0.0,-1.0484135776819894,-0.5705499276411062,0.0,0.0,0.0
303,ilrma-t-IP,2,10,2,0.6346562499999999,1.0,10,1402032510,50,1,4.131727164754562,6.852189351543712,12.201411187090574,7.900602929225701,12.771961114731681,1.0
304,ilrma-t-iss-seq,2,10,2,0.6346562499999999,1.0,10,1402032510,0,0,0.0,-1.0484135776819894,-0.5705499276411062,0.0,0.0,0.0
305,ilrma-t-iss-seq,2,10,2,0.6346562499999999,1.0,10,1402032510,50,1,1.1860039589842382,6.548570371920057,11.977426777252408,7.596983949602047,12.547976704893513,1.0
306,ilrma-t-iss-joint,2,10,2,0.6346562499999999,1.0,10,1402032510,0,0,0.0,-1.0484135776819894,-0.5705499276411062,0.0,0.0,0.0
307,ilrma-t-iss-joint,2,10,2,0.6346562499999999,1.0,10,1402032510,50,1,2.1655472851662845,6.548570371920057,11.977426777252408,7.596983949602047,12.547976704893513,1.0
308,ilrma,2,10,2,0.6346562499999999,1.0,10,1402032510,0,0,0.0,-1.0484135776819894,-0.5705499276411062,0.0,0.0,0.0
309,ilrma,2,10,2,0.6346562499999999,1.0,10,1402032510,50,1,0.21203557300021347,6.843867797157511,12.13122927306361,7.8922813748395,12.701779200704715,1.0
310,auxiva,2,10,2,0.6346562499999999,1.0,10,1605979227,0,0,0.0,-1.202137753880451,-0.7280110879797631,0.0,0.0,0.0
311,auxiva,2,10,2,0.6346562499999999,1.0,10,1605979227,50,1,0.05820417254774619,7.653785310274278,12.394517308092574,8.85592306415473,13.122528396072337,1.0
312,ilrma-t-IP,2,10,2,0.6346562499999999,1.0,10,1605979227,0,0,0.0,-1.202137753880451,-0.7280110879797631,0.0,0.0,0.0
313,ilrma-t-IP,2,10,2,0.6346562499999999,1.0,10,1605979227,50,1,6.294956612921617,7.588025064280055,12.244778960942241,8.790162818160507,12.972790048922004,1.0
314,ilrma-t-iss-seq,2,10,2,0.6346562499999999,1.0,10,1605979227,0,0,0.0,-1.202137753880451,-0.7280110879797631,0.0,0.0,0.0
315,ilrma-t-iss-seq,2,10,2,0.6346562499999999,1.0,10,1605979227,50,1,1.2526409059400607,7.58857143535451,12.244922403506934,8.79070918923496,12.972933491486696,1.0
316,ilrma-t-iss-joint,2,10,2,0.6346562499999999,1.0,10,1605979227,0,0,0.0,-1.202137753880451,-0.7280110879797631,0.0,0.0,0.0
317,ilrma-t-iss-joint,2,10,2,0.6346562499999999,1.0,10,1605979227,50,1,2.863426651325592,7.58857143535451,12.244922403506934,8.79070918923496,12.972933491486696,1.0
318,ilrma,2,10,2,0.6346562499999999,1.0,10,1605979227,0,0,0.0,-1.202137753880451,-0.7280110879797631,0.0,0.0,0.0
319,ilrma,2,10,2,0.6346562499999999,1.0,10,1605979227,50,1,0.20534518541311153,7.588181695283958,11.916047938415083,8.790319449164407,12.644059026394846,1.0
320,auxiva,2,10,2,0.6346562499999999,1.0,0,1069045865,0,0,0.0,-4.688914851064883,-4.3620567373308,0.0,0.0,0.0
321,auxiva,2,10,2,0.6346562499999999,1.0,0,1069045865,50,1,0.05301811457961693,-0.9323131519091086,2.1605427841054508,3.7566016991557745,6.52259952143625,1.0
322,ilrma-t-IP,2,10,2,0.6346562499999999,1.0,0,1069045865,0,0,0.0,-4.688914851064883,-4.3620567373308,0.0,0.0,0.0
323,ilrma-t-IP,2,10,2,0.6346562499999999,1.0,0,1069045865,50,1,4.51680664673694,-0.9906036148461045,2.0549333624357313,3.698311236218778,6.416990099766531,1.0
324,ilrma-t-iss-seq,2,10,2,0.6346562499999999,1.0,0,1069045865,0,0,0.0,-4.688914851064883,-4.3620567373308,0.0,0.0,0.0
325,ilrma-t-iss-seq,2,10,2,0.6346562499999999,1.0,0,1069045865,50,1,2.8055247244998895,-1.1462891916041071,1.9225292595624561,3.542625659460776,6.284585996893256,1.0
326,ilrma-t-iss-joint,2,10,2,0.6346562499999999,1.0,0,1069045865,0,0,0.0,-4.688914851064883,-4.3620567373308,0.0,0.0,0.0
327,ilrma-t-iss-joint,2,10,2,0.6346562499999999,1.0,0,1069045865,50,1,4.419679465074175,-1.1462891916041071,1.9225292595624561,3.542625659460776,6.284585996893256,1.0
328,ilrma,2,10,2,0.6346562499999999,1.0,0,1069045865,0,0,0.0,-4.688914851064883,-4.3620567373308,0.0,0.0,0.0
329,ilrma,2,10,2,0.6346562499999999,1.0,0,1069045865,50,1,0.1778235600785608,-0.9983030638297565,1.9797659579043683,3.6906117872351265,6.341822695235168,1.0
330,auxiva,2,10,2,0.6346562499999999,1.0,0,36027469,0,0,0.0,-4.972287099594922,-4.716371875340332,0.0,0.0,0.0
331,auxiva,2,10,2,0.6346562499999999,1.0,0,36027469,50,1,0.05582272675883844,-3.2160223375478156,0.1483993289243061,1.756264762047107,4.864771204264638,0.5
332,ilrma-t-IP,2,10,2,0.6346562499999999,1.0,0,36027469,0,0,0.0,-4.972287099594922,-4.716371875340332,0.0,0.0,0.0
333,ilrma-t-IP,2,10,2,0.6346562499999999,1.0,0,36027469,50,1,4.05410043016522,-2.722284051101746,0.5815432820106217,2.250003048493177,5.297915157350953,1.0
334,ilrma-t-iss-seq,2,10,2,0.6346562499999999,1.0,0,36027469,0,0,0.0,-4.972287099594922,-4.716371875340332,0.0,0.0,0.0
335,ilrma-t-iss-seq,2,10,2,0.6346562499999999,1.0,0,36027469,50,1,2.6499126858658437,-3.0741447689500916,0.36529442001473333,1.898142330644831,5.081666295355065,1.0
336,ilrma-t-iss-joint,2,10,2,0.6346562499999999,1.0,0,36027469,0,0,0.0,-4.972287099594922,-4.716371875340332,0.0,0.0,0.0
337,ilrma-t-iss-joint,2,10,2,0.6346562499999999,1.0,0,36027469,50,1,4.841027906497723,-3.0741447689500916,0.36529442001473333,1.898142330644831,5.081666295355065,1.0
338,ilrma,2,10,2,0.6346562499999999,1.0,0,36027469,0,0,0.0,-4.972287099594922,-4.716371875340332,0.0,0.0,0.0
339,ilrma,2,10,2,0.6346562499999999,1.0,0,36027469,50,1,0.21953056863329634,-5.489391439638641,-1.9180936909262005,-0.5171043400437187,2.798278184414132,0.5
340,auxiva,2,10,2,0.6346562499999999,1.0,10,1983958385,0,0,0.0,-1.0349016800968465,-0.726589248256019,0.0,0.0,0.0
341,auxiva,2,10,2,0.6346562499999999,1.0,10,1983958385,50,1,0.05486841731578096,5.541062850988135,11.295817871813707,6.575964531084981,12.022407120069726,1.0
342,ilrma-t-IP,2,10,2,0.6346562499999999,1.0,10,1983958385,0,0,0.0,-1.0349016800968465,-0.726589248256019,0.0,0.0,0.0
343,ilrma-t-IP,2,10,2,0.6346562499999999,1.0,10,1983958385,50,1,4.108214804973141,5.443958135855158,11.170912374079837,6.4788598159520046,11.897501622335856,1.0
344,ilrma-t-iss-seq,2,10,2,0.6346562499999999,1.0,10,1983958385,0,0,0.0,-1.0349016800968465,-0.726589248256019,0.0,0.0,0.0
345,ilrma-t-iss-seq,2,10,2,0.6346562499999999,1.0,10,1983958385,50,1,0.7598239423955422,5.45231560913372,11.176525509059546,6.487217289230566,11.903114757315565,1.0
346,ilrma-t-iss-joint,2,10,2,0.6346562499999999,1.0,10,1983958385,0,0,0.0,-1.0349016800968465,-0.726589248256019,0.0,0.0,0.0
347,ilrma-t-iss-joint,2,10,2,0.6346562499999999,1.0,10,1983958385,50,1,2.1300586416949203,5.45231560913372,11.176525509059546,6.487217289230566,11.903114757315565,1.0
348,ilrma,2,10,2,0.6346562499999999,1.0,10,1983958385,0,0,0.0,-1.0349016800968465,-0.726589248256019,0.0,0.0,0.0
349,ilrma,2,10,2,0.6346562499999999,1.0,10,1983958385,50,1,0.1612716353012583,5.968121216104667,11.35021195679208,7.003022896201513,12.076801205048099,1.0
350,auxiva,2,10,2,0.6346562499999999,1.0,0,115061003,0,0,0.0,-4.805236177886615,-4.776376812595906,0.0,0.0,0.0
351,auxiva,2,10,2,0.6346562499999999,1.0,0,115061003,50,1,0.05140773163105069,-1.4856810367876143,1.7908517003307534,3.3195551410990007,6.567228512926659,1.0
352,ilrma-t-IP,2,10,2,0.6346562499999999,1.0,0,115061003,0,0,0.0,-4.805236177886615,-4.776376812595906,0.0,0.0,0.0
353,ilrma-t-IP,2,10,2,0.6346562499999999,1.0,0,115061003,50,1,2.727540466459919,-1.2761180315794802,1.9398595096401416,3.529118146307135,6.716236322236047,1.0
354,ilrma-t-iss-seq,2,10,2,0.6346562499999999,1.0,0,115061003,0,0,0.0,-4.805236177886615,-4.776376812595906,0.0,0.0,0.0
355,ilrma-t-iss-seq,2,10,2,0.6346562499999999,1.0,0,115061003,50,1,0.7190827101174568,-2.0266642086748936,1.3737038893476186,2.7785719692117214,6.150080701943525,1.0
356,ilrma-t-iss-joint,2,10,2,0.6346562499999999,1.0,0,115061003,0,0,0.0,-4.805236177886615,-4.776376812595906,0.0,0.0,0.0
357,ilrma-t-iss-joint,2,10,2,0.6346562499999999,1.0,0,115061003,50,1,1.4870453233291852,-2.0266642086748936,1.3737038893476186,2.7785719692117214,6.150080701943525,1.0
358,ilrma,2,10,2,0.6346562499999999,1.0,0,115061003,0,0,0.0,-4.805236177886615,-4.776376812595906,0.0,0.0,0.0
359,ilrma,2,10,2,0.6346562499999999,1.0,0,115061003,50,1,0.16169629116421544,-1.4162955990118276,1.5292003832637953,3.3889405788747875,6.305577195859701,1.0
360,auxiva,2,10,2,0.6346562499999999,1.0,10,115061003,0,0,0.0,-1.1685835924113264,-0.7796890713600768,0.0,0.0,0.0
361,auxiva,2,10,2,0.6346562499999999,1.0,10,115061003,50,1,0.05397948998952305,5.307416425760886,11.081877206114974,6.476000018172212,11.86156627747505,1.0
362,ilrma-t-IP,2,10,2,0.6346562499999999,1.0,10,115061003,0,0,0.0,-1.1685835924113264,-0.7796890713600768,0.0,0.0,0.0
363,ilrma-t-IP,2,10,2,0.6346562499999999,1.0,10,115061003,50,1,2.8088089161971044,5.824889521948011,11.386597062108258,6.993473114359338,12.166286133468336,1.0
364,ilrma-t-iss-seq,2,10,2,0.6346562499999999,1.0,10,115061003,0,0,0.0,-1.1685835924113264,-0.7796890713600768,0.0,0.0,0.0
365,ilrma-t-iss-seq,2,10,2,0.6346562499999999,1.0,10,115061003,50,1,0.7237482465687285,5.196732901896998,10.890190350097697,6.365316494308324,11.669879421457772,1.0
366,ilrma-t-iss-joint,2,10,2,0.6346562499999999,1.0,10,115061003,0,0,0.0,-1.1685835924113264,-0.7796890713600768,0.0,0.0,0.0
367,ilrma-t-iss-joint,2,10,2,0.6346562499999999,1.0,10,115061003,50,1,1.4683098452847259,5.196732901896998,10.890190350097697,6.365316494308324,11.669879421457772,1.0
368,ilrma,2,10,2,0.6346562499999999,1.0,10,115061003,0,0,0.0,-1.1685835924113264,-0.7796890713600768,0.0,0.0,0.0
369,ilrma,2,10,2,0.6346562499999999,1.0,10,115061003,50,1,0.16123538268194748,4.885315319847103,10.333308878590577,6.053898912258429,11.112997949950653,1.0
370,auxiva,2,10,2,0.6346562499999999,1.0,0,1685103474,0,0,0.0,-4.855512268223792,-4.547279005617152,0.0,0.0,0.0
371,auxiva,2,10,2,0.6346562499999999,1.0,0,1685103474,50,1,0.05258704450912139,-1.9681474403213843,1.6927489791223418,2.8873648279024073,6.240027984739493,0.5
372,ilrma-t-IP,2,10,2,0.6346562499999999,1.0,0,1685103474,0,0,0.0,-4.855512268223792,-4.547279005617152,0.0,0.0,0.0
373,ilrma-t-IP,2,10,2,0.6346562499999999,1.0,0,1685103474,50,1,3.3340645323828624,-1.5811111940602147,2.1386345908236915,3.2744010741635767,6.685913596440843,0.5
374,ilrma-t-iss-seq,2,10,2,0.6346562499999999,1.0,0,1685103474,0,0,0.0,-4.855512268223792,-4.547279005617152,0.0,0.0,0.0
375,ilrma-t-iss-seq,2,10,2,0.6346562499999999,1.0,0,1685103474,50,1,0.7001499840989893,-1.821671291067294,2.2075008482338347,3.0338409771564976,6.7547798538509864,0.5
376,ilrma-t-iss-joint,2,10,2,0.6346562499999999,1.0,0,1685103474,0,0,0.0,-4.855512268223792,-4.547279005617152,0.0,0.0,0.0
377,ilrma-t-iss-joint,2,10,2,0.6346562499999999,1.0,0,1685103474,50,1,1.5167043608911843,-1.821671291067294,2.2075008482338347,3.0338409771564976,6.7547798538509864,0.5
378,ilrma,2,10,2,0.6346562499999999,1.0,0,1685103474,0,0,0.0,-4.855512268223792,-4.547279005617152,0.0,0.0,0.0
379,ilrma,2,10,2,0.6346562499999999,1.0,0,1685103474,50,1,0.1590368730054559,-2.274565723685846,2.4364531329211103,2.5809465445379454,6.983732138538262,0.5
380,auxiva,2,10,2,0.6346562499999999,1.0,10,1069045865,0,0,0.0,-0.8309769622059238,-0.4579328711724381,0.0,0.0,0.0
381,auxiva,2,10,2,0.6346562499999999,1.0,10,1069045865,50,1,0.049411929730533564,6.618427640600734,11.858184149094713,7.449404602806657,12.316117020267152,1.0
382,ilrma-t-IP,2,10,2,0.6346562499999999,1.0,10,1069045865,0,0,0.0,-0.8309769622059238,-0.4579328711724381,0.0,0.0,0.0
383,ilrma-t-IP,2,10,2,0.6346562499999999,1.0,10,1069045865,50,1,2.674100331943481,6.480973748170484,11.783646308597238,7.311950710376409,12.241579179769676,1.0
384,ilrma-t-iss-seq,2,10,2,0.6346562499999999,1.0,10,1069045865,0,0,0.0,-0.8309769622059238,-0.4579328711724381,0.0,0.0,0.0
385,ilrma-t-iss-seq,2,10,2,0.6346562499999999,1.0,10,1069045865,50,1,5.929634443708661,6.476511297413909,11.782416633126171,7.3074882596198325,12.24034950429861,1.0
386,ilrma-t-iss-joint,2,10,2,0.6346562499999999,1.0,10,1069045865,0,0,0.0,-0.8309769622059238,-0.4579328711724381,0.0,0.0,0.0
387,ilrma-t-iss-joint,2,10,2,0.6346562499999999,1.0,10,1069045865,50,1,5.355468203119668,6.476511297413909,11.782416633126171,7.3074882596198325,12.24034950429861,1.0
388,ilrma,2,10,2,0.6346562499999999,1.0,10,1069045865,0,0,0.0,-0.8309769622059238,-0.4579328711724381,0.0,0.0,0.0
389,ilrma,2,10,2,0.6346562499999999,1.0,10,1069045865,50,1,0.1654496347983715,6.52923467963723,11.56442160935299,7.360211641843154,12.02235448052543,1.0
390,auxiva,2,10,2,0.6346562499999999,1.0,0,789925284,0,0,0.0,-4.844708395603218,-4.815408139349621,0.0,0.0,0.0
391,auxiva,2,10,2,0.6346562499999999,1.0,0,789925284,50,1,0.05481444750219529,-1.4994276253729173,1.7650307213887522,3.345280770230301,6.580438860738373,1.0
392,ilrma-t-IP,2,10,2,0.6346562499999999,1.0,0,789925284,0,0,0.0,-4.844708395603218,-4.815408139349621,0.0,0.0,0.0
393,ilrma-t-IP,2,10,2,0.6346562499999999,1.0,0,789925284,50,1,2.3453325017554225,-1.3948730411812218,1.7964963165046264,3.449835354421997,6.611904455854248,1.0
394,ilrma-t-iss-seq,2,10,2,0.6346562499999999,1.0,0,789925284,0,0,0.0,-4.844708395603218,-4.815408139349621,0.0,0.0,0.0
395,ilrma-t-iss-seq,2,10,2,0.6346562499999999,1.0,0,789925284,50,1,7.969430381351492,-1.4778654378928584,1.8799563445860876,3.36684295771036,6.695364483935709,1.0
396,ilrma-t-iss-joint,2,10,2,0.6346562499999999,1.0,0,789925284,0,0,0.0,-4.844708395603218,-4.815408139349621,0.0,0.0,0.0
397,ilrma-t-iss-joint,2,10,2,0.6346562499999999,1.0,0,789925284,50,1,8.56629797744539,-1.4778654378928584,1.8799563445860876,3.36684295771036,6.695364483935709,1.0
398,ilrma,2,10,2,0.6346562499999999,1.0,0,789925284,0,0,0.0,-4.844708395603218,-4.815408139349621,0.0,0.0,0.0
399,ilrma,2,10,2,0.6346562499999999,1.0,0,789925284,50,1,0.15634454668400785,-2.076115915937961,1.1932220551458492,2.7685924796652572,6.00863019449547,0.5
400,auxiva,2,10,2,0.6346562499999999,1.0,10,1981297353,0,0,0.0,-0.7810483120154159,-0.5250949880442205,0.0,0.0,0.0
401,auxiva,2,10,2,0.6346562499999999,1.0,10,1981297353,50,1,0.05304040918360669,6.163374471816294,11.71043289640047,6.94442278383171,12.23552788444469,1.0
402,ilrma-t-IP,2,10,2,0.6346562499999999,1.0,10,1981297353,0,0,0.0,-0.7810483120154159,-0.5250949880442205,0.0,0.0,0.0
403,ilrma-t-IP,2,10,2,0.6346562499999999,1.0,10,1981297353,50,1,2.274911785888208,6.394579727834516,11.872405064706623,7.175628039849931,12.397500052750845,1.0
404,ilrma-t-iss-seq,2,10,2,0.6346562499999999,1.0,10,1981297353,0,0,0.0,-0.7810483120154159,-0.5250949880442205,0.0,0.0,0.0
405,ilrma-t-iss-seq,2,10,2,0.6346562499999999,1.0,10,1981297353,50,1,9.954671882554004,6.4443862076325145,11.89788715495433,7.22543451964793,12.422982142998551,1.0
406,ilrma-t-iss-joint,2,10,2,0.6346562499999999,1.0,10,1981297353,0,0,0.0,-0.7810483120154159,-0.5250949880442205,0.0,0.0,0.0
407,ilrma-t-iss-joint,2,10,2,0.6346562499999999,1.0,10,1981297353,50,1,10.599462046124469,6.4443862076325145,11.89788715495433,7.22543451964793,12.422982142998551,1.0
408,ilrma,2,10,2,0.6346562499999999,1.0,10,1981297353,0,0,0.0,-0.7810483120154159,-0.5250949880442205,0.0,0.0,0.0
409,ilrma,2,10,2,0.6346562499999999,1.0,10,1981297353,50,1,0.16723336783620238,6.46381738253651,11.688615323376666,7.244865694551926,12.213710311420888,1.0
410,auxiva,2,10,2,0.6346562499999999,1.0,10,657890619,0,0,0.0,-0.9083947029188848,-0.671694971411583,0.0,0.0,0.0
411,auxiva,2,10,2,0.6346562499999999,1.0,10,657890619,50,1,0.051692781721075914,5.373511813465831,11.005236915086066,6.2819065163847165,11.676931886497648,1.0
412,ilrma-t-IP,2,10,2,0.6346562499999999,1.0,10,657890619,0,0,0.0,-0.9083947029188848,-0.671694971411583,0.0,0.0,0.0
413,ilrma-t-IP,2,10,2,0.6346562499999999,1.0,10,657890619,50,1,3.053022508686875,3.3670909982793704,9.681887543592122,4.275485701198255,10.353582515003705,1.0
414,ilrma-t-iss-seq,2,10,2,0.6346562499999999,1.0,10,657890619,0,0,0.0,-0.9083947029188848,-0.671694971411583,0.0,0.0,0.0
415,ilrma-t-iss-seq,2,10,2,0.6346562499999999,1.0,10,657890619,50,1,0.7878697823673074,5.046155840146692,11.005484294982955,5.954550543065578,11.677179266394539,1.0
416,ilrma-t-iss-joint,2,10,2,0.6346562499999999,1.0,10,657890619,0,0,0.0,-0.9083947029188848,-0.671694971411583,0.0,0.0,0.0
417,ilrma-t-iss-joint,2,10,2,0.6346562499999999,1.0,10,657890619,50,1,1.7569088857857715,5.046155840146692,11.005484294982955,5.954550543065578,11.677179266394539,1.0
418,ilrma,2,10,2,0.6346562499999999,1.0,10,657890619,0,0,0.0,-0.9083947029188848,-0.671694971411583,0.0,0.0,0.0
419,ilrma,2,10,2,0.6346562499999999,1.0,10,657890619,50,1,0.19656300507168797,0.056811458506161094,10.466431552142145,0.965206161425046,11.138126523553728,1.0
420,auxiva,2,10,2,0.6346562499999999,1.0,0,137773602,0,0,0.0,-4.824244904467371,-4.475082785222841,0.0,0.0,0.0
421,auxiva,2,10,2,0.6346562499999999,1.0,0,137773602,50,1,0.050284423242104574,-3.631055425724665,-0.3729068151476588,1.1931894787427062,4.102175970075182,0.5
422,ilrma-t-IP,2,10,2,0.6346562499999999,1.0,0,137773602,0,0,0.0,-4.824244904467371,-4.475082785222841,0.0,0.0,0.0
423,ilrma-t-IP,2,10,2,0.6346562499999999,1.0,0,137773602,50,1,3.9141757069186753,-7.195650795723536,-3.6091246361614244,-2.3714058912561646,0.8659581490614163,0.0
424,ilrma-t-iss-seq,2,10,2,0.6346562499999999,1.0,0,137773602,0,0,0.0,-4.824244904467371,-4.475082785222841,0.0,0.0,0.0
425,ilrma-t-iss-seq,2,10,2,0.6346562499999999,1.0,0,137773602,50,1,0.748076375596419,-3.197177279529239,0.016123213667568637,1.6270676249381324,4.491205998890409,0.5
426,ilrma-t-iss-joint,2,10,2,0.6346562499999999,1.0,0,137773602,0,0,0.0,-4.824244904467371,-4.475082785222841,0.0,0.0,0.0
427,ilrma-t-iss-joint,2,10,2,0.6346562499999999,1.0,0,137773602,50,1,1.7340567068179256,-3.197177279529239,0.016123213667568637,1.6270676249381324,4.491205998890409,0.5
428,ilrma,2,10,2,0.6346562499999999,1.0,0,137773602,0,0,0.0,-4.824244904467371,-4.475082785222841,0.0,0.0,0.0
429,ilrma,2,10,2,0.6346562499999999,1.0,0,137773602,50,1,0.19753954385618044,-2.995994339509357,4.84315223218882,1.828250564958014,9.318235017411661,0.5
430,auxiva,2,10,2,0.6346562499999999,1.0,0,1402032510,0,0,0.0,-4.690485887319538,-4.661762410394982,0.0,0.0,0.0
431,auxiva,2,10,2,0.6346562499999999,1.0,0,1402032510,50,1,0.05330231836588254,-0.6032612353873495,2.531240294153289,4.087224651932187,7.193002704548272,1.0
432,ilrma-t-IP,2,10,2,0.6346562499999999,1.0,0,1402032510,0,0,0.0,-4.690485887319538,-4.661762410394982,0.0,0.0,0.0
433,ilrma-t-IP,2,10,2,0.6346562499999999,1.0,0,1402032510,50,1,3.4711408844696945,-0.605121975336881,2.4834572306316214,4.085363911982657,7.145219641026603,1.0
434,ilrma-t-iss-seq,2,10,2,0.6346562499999999,1.0,0,1402032510,0,0,0.0,-4.690485887319538,-4.661762410394982,0.0,0.0,0.0
435,ilrma-t-iss-seq,2,10,2,0.6346562499999999,1.0,0,1402032510,50,1,0.7939679030935348,-0.48612883687506886,2.876007752003534,4.204357050444468,7.537770162398516,1.0
436,ilrma-t-iss-joint,2,10,2,0.6346562499999999,1.0,0,1402032510,0,0,0.0,-4.690485887319538,-4.661762410394982,0.0,0.0,0.0
437,ilrma-t-iss-joint,2,10,2,0.6346562499999999,1.0,0,1402032510,50,1,1.6389255272954248,-0.48612883687506886,2.876007752003534,4.204357050444468,7.537770162398516,1.0
438,ilrma,2,10,2,0.6346562499999999,1.0,0,1402032510,0,0,0.0,-4.690485887319538,-4.661762410394982,0.0,0.0,0.0
439,ilrma,2,10,2,0.6346562499999999,1.0,0,1402032510,50,1,0.1950106602990708,-0.653110070081435,4.220335299891784,4.037375817238103,8.882097710286764,0.5
440,auxiva,2,10,2,0.6346562499999999,1.0,10,410361373,0,0,0.0,-1.0772481366021485,-0.67131230513958,0.0,0.0,0.0
441,auxiva,2,10,2,0.6346562499999999,1.0,10,410361373,50,1,0.05096768840163967,6.295279605799596,11.746520973752588,7.372527742401744,12.417833278892168,1.0
442,ilrma-t-IP,2,10,2,0.6346562499999999,1.0,10,410361373,0,0,0.0,-1.0772481366021485,-0.67131230513958,0.0,0.0,0.0
443,ilrma-t-IP,2,10,2,0.6346562499999999,1.0,10,410361373,50,1,3.2611104589015776,6.573054391720664,11.881327708168957,7.650302528322811,12.552640013308537,1.0
444,ilrma-t-iss-seq,2,10,2,0.6346562499999999,1.0,10,410361373,0,0,0.0,-1.0772481366021485,-0.67131230513958,0.0,0.0,0.0
445,ilrma-t-iss-seq,2,10,2,0.6346562499999999,1.0,10,410361373,50,1,0.7669558817016423,6.528274779272843,11.85631310213989,7.6055229158749915,12.52762540727947,1.0
446,ilrma-t-iss-joint,2,10,2,0.6346562499999999,1.0,10,410361373,0,0,0.0,-1.0772481366021485,-0.67131230513958,0.0,0.0,0.0
447,ilrma-t-iss-joint,2,10,2,0.6346562499999999,1.0,10,410361373,50,1,1.5654766735278463,6.528274779272843,11.85631310213989,7.6055229158749915,12.52762540727947,1.0
448,ilrma,2,10,2,0.6346562499999999,1.0,10,410361373,0,0,0.0,-1.0772481366021485,-0.67131230513958,0.0,0.0,0.0
449,ilrma,2,10,2,0.6346562499999999,1.0,10,410361373,50,1,0.1958741160443033,6.415924581124697,11.64133246504605,7.4931727177268455,12.31264477018563,1.0
450,auxiva,2,10,2,0.6346562499999999,1.0,0,1605979227,0,0,0.0,-4.71302457210647,-4.684299174512721,0.0,0.0,0.0
451,auxiva,2,10,2,0.6346562499999999,1.0,0,1605979227,50,1,0.05818133641183744,-0.5218623506861209,2.4047976574709615,4.191162221420349,7.089096831983683,1.0
452,ilrma-t-IP,2,10,2,0.6346562499999999,1.0,0,1605979227,0,0,0.0,-4.71302457210647,-4.684299174512721,0.0,0.0,0.0
453,ilrma-t-IP,2,10,2,0.6346562499999999,1.0,0,1605979227,50,1,3.231120975000099,-0.12249762540904593,2.5902140884920457,4.590526946697424,7.274513263004767,1.0
454,ilrma-t-iss-seq,2,10,2,0.6346562499999999,1.0,0,1605979227,0,0,0.0,-4.71302457210647,-4.684299174512721,0.0,0.0,0.0
455,ilrma-t-iss-seq,2,10,2,0.6346562499999999,1.0,0,1605979227,50,1,0.8289624299841486,-0.2492001007534988,2.62894616502355,4.463824471352972,7.31324533953627,1.0
456,ilrma-t-iss-joint,2,10,2,0.6346562499999999,1.0,0,1605979227,0,0,0.0,-4.71302457210647,-4.684299174512721,0.0,0.0,0.0
457,ilrma-t-iss-joint,2,10,2,0.6346562499999999,1.0,0,1605979227,50,1,1.7122546807762387,-0.2492001007534988,2.62894616502355,4.463824471352972,7.31324533953627,1.0
458,ilrma,2,10,2,0.6346562499999999,1.0,0,1605979227,0,0,0.0,-4.71302457210647,-4.684299174512721,0.0,0.0,0.0
459,ilrma,2,10,2,0.6346562499999999,1.0,0,1605979227,50,1,0.2192042901964441,-0.18516226908104286,2.4463706561177747,4.527862303025428,7.130669830630495,1.0
460,auxiva,2,10,2,0.6346562499999999,1.0,10,1712592594,0,0,0.0,-0.95708203635404,-0.6496428857030834,0.0,0.0,0.0
461,auxiva,2,10,2,0.6346562499999999,1.0,10,1712592594,50,1,0.05098625316576383,6.452223027750587,11.780371943735627,7.409305064104627,12.430014829438711,1.0
462,ilrma-t-IP,2,10,2,0.6346562499999999,1.0,10,1712592594,0,0,0.0,-0.95708203635404,-0.6496428857030834,0.0,0.0,0.0
463,ilrma-t-IP,2,10,2,0.6346562499999999,1.0,10,1712592594,50,1,2.294234943166378,6.7284620114672675,11.956326310540287,7.685544047821308,12.60596919624337,1.0
464,ilrma-t-iss-seq,2,10,2,0.6346562499999999,1.0,10,1712592594,0,0,0.0,-0.95708203635404,-0.6496428857030834,0.0,0.0,0.0
465,ilrma-t-iss-seq,2,10,2,0.6346562499999999,1.0,10,1712592594,50,1,0.7689475463424656,6.598061586535378,11.856794195017024,7.555143622889418,12.506437080720108,1.0
466,ilrma-t-iss-joint,2,10,2,0.6346562499999999,1.0,10,1712592594,0,0,0.0,-0.95708203635404,-0.6496428857030834,0.0,0.0,0.0
467,ilrma-t-iss-joint,2,10,2,0.6346562499999999,1.0,10,1712592594,50,1,1.7778938918483467,6.598061586535378,11.856794195017024,7.555143622889418,12.506437080720108,1.0
468,ilrma,2,10,2,0.6346562499999999,1.0,10,1712592594,0,0,0.0,-0.95708203635404,-0.6496428857030834,0.0,0.0,0.0
469,ilrma,2,10,2,0.6346562499999999,1.0,10,1712592594,50,1,0.19753549513938418,6.769242440770267,11.645451622712539,7.726324477124307,12.295094508415621,1.0
470,auxiva,2,10,2,0.6346562499999999,1.0,10,290876773,0,0,0.0,-1.2169622603813992,-0.6186927550918537,0.0,0.0,0.0
471,auxiva,2,10,2,0.6346562499999999,1.0,10,290876773,50,1,0.05244934331737023,6.291792810996297,11.749531601847956,7.508755071377696,12.368224356939809,1.0
472,ilrma-t-IP,2,10,2,0.6346562499999999,1.0,10,290876773,0,0,0.0,-1.2169622603813992,-0.6186927550918537,0.0,0.0,0.0
473,ilrma-t-IP,2,10,2,0.6346562499999999,1.0,10,290876773,50,1,3.6274319998044544,5.8776863777689154,11.660207803876082,7.094648638150315,12.278900558967935,1.0
474,ilrma-t-iss-seq,2,10,2,0.6346562499999999,1.0,10,290876773,0,0,0.0,-1.2169622603813992,-0.6186927550918537,0.0,0.0,0.0
475,ilrma-t-iss-seq,2,10,2,0.6346562499999999,1.0,10,290876773,50,1,0.8285978360708096,5.854547863477288,11.652564697713535,7.071510123858688,12.271257452805388,1.0
476,ilrma-t-iss-joint,2,10,2,0.6346562499999999,1.0,10,290876773,0,0,0.0,-1.2169622603813992,-0.6186927550918537,0.0,0.0,0.0
477,ilrma-t-iss-joint,2,10,2,0.6346562499999999,1.0,10,290876773,50,1,1.6016320649409235,5.854547863477288,11.652564697713535,7.071510123858688,12.271257452805388,1.0
478,ilrma,2,10,2,0.6346562499999999,1.0,10,290876773,0,0,0.0,-1.2169622603813992,-0.6186927550918537,0.0,0.0,0.0
479,ilrma,2,10,2,0.6346562499999999,1.0,10,290876773,50,1,0.2111928379719409,5.259172913186276,10.822314337364704,6.476135173567676,11.441007092456557,1.0
480,auxiva,2,10,2,0.6346562499999999,1.0,10,1282922662,0,0,0.0,-0.8840147935962359,-0.5706973807375038,0.0,0.0,0.0
481,auxiva,2,10,2,0.6346562499999999,1.0,10,1282922662,50,1,0.05123973195026534,5.045190824143246,10.917554201523405,5.929205617739481,11.488251582260908,1.0
482,ilrma-t-IP,2,10,2,0.6346562499999999,1.0,10,1282922662,0,0,0.0,-0.8840147935962359,-0.5706973807375038,0.0,0.0,0.0
483,ilrma-t-IP,2,10,2,0.6346562499999999,1.0,10,1282922662,50,1,2.4335527239530697,4.8677231428880745,10.659801329344292,5.751737936484311,11.230498710081797,1.0
484,ilrma-t-iss-seq,2,10,2,0.6346562499999999,1.0,10,1282922662,0,0,0.0,-0.8840147935962359,-0.5706973807375038,0.0,0.0,0.0
485,ilrma-t-iss-seq,2,10,2,0.6346562499999999,1.0,10,1282922662,50,1,0.8007622290210897,5.7686719400955635,11.279978136878487,6.652686733691799,11.85067551761599,1.0
486,ilrma-t-iss-joint,2,10,2,0.6346562499999999,1.0,10,1282922662,0,0,0.0,-0.8840147935962359,-0.5706973807375038,0.0,0.0,0.0
487,ilrma-t-iss-joint,2,10,2,0.6346562499999999,1.0,10,1282922662,50,1,1.650267050582832,5.7686719400955635,11.279978136878487,6.652686733691799,11.85067551761599,1.0
488,ilrma,2,10,2,0.6346562499999999,1.0,10,1282922662,0,0,0.0,-0.8840147935962359,-0.5706973807375038,0.0,0.0,0.0
489,ilrma,2,10,2,0.6346562499999999,1.0,10,1282922662,50,1,0.20595517789143292,6.141502547986093,11.316081583842182,7.025517341582329,11.886778964579687,1.0
490,auxiva,2,10,2,0.6346562499999999,1.0,10,789925284,0,0,0.0,-1.131511737851499,-0.7388061793856372,0.0,0.0,0.0
491,auxiva,2,10,2,0.6346562499999999,1.0,10,789925284,50,1,0.051095285161190496,5.755971977579824,11.45270125485876,6.887483715431323,12.191507434244397,1.0
492,ilrma-t-IP,2,10,2,0.6346562499999999,1.0,10,789925284,0,0,0.0,-1.131511737851499,-0.7388061793856372,0.0,0.0,0.0
493,ilrma-t-IP,2,10,2,0.6346562499999999,1.0,10,789925284,50,1,2.868035826200961,5.969007687991294,11.600530267468724,7.100519425842792,12.339336446854361,1.0
494,ilrma-t-iss-seq,2,10,2,0.6346562499999999,1.0,10,789925284,0,0,0.0,-1.131511737851499,-0.7388061793856372,0.0,0.0,0.0
495,ilrma-t-iss-seq,2,10,2,0.6346562499999999,1.0,10,789925284,50,1,6.36910062656208,5.960525916677295,11.59755259092309,7.092037654528793,12.336358770308728,1.0
496,ilrma-t-iss-joint,2,10,2,0.6346562499999999,1.0,10,789925284,0,0,0.0,-1.131511737851499,-0.7388061793856372,0.0,0.0,0.0
497,ilrma-t-iss-joint,2,10,2,0.6346562499999999,1.0,10,789925284,50,1,6.996394197708286,5.960525916677295,11.59755259092309,7.092037654528793,12.336358770308728,1.0
498,ilrma,2,10,2,0.6346562499999999,1.0,10,789925284,0,0,0.0,-1.131511737851499,-0.7388061793856372,0.0,0.0,0.0
499,ilrma,2,10,2,0.6346562499999999,1.0,10,789925284,50,1,0.18464814205570124,5.698953606064686,11.007576686174904,6.830465343916185,11.746382865560541,1.0
500,auxiva,2,10,2,0.6346562499999999,1.0,0,659577591,0,0,0.0,-4.932167044762739,-4.703342738284681,0.0,0.0,0.0
501,auxiva,2,10,2,0.6346562499999999,1.0,0,659577591,50,1,0.051601676803103506,-5.6594411349891995,-1.6662984931472367,-0.7272740902264601,3.0370442451374444,0.5
502,ilrma-t-IP,2,10,2,0.6346562499999999,1.0,0,659577591,0,0,0.0,-4.932167044762739,-4.703342738284681,0.0,0.0,0.0
503,ilrma-t-IP,2,10,2,0.6346562499999999,1.0,0,659577591,50,1,3.0717978473413345,-2.3589454787891384,1.348725080812219,2.5732215659736006,6.0520678190969,0.5
504,ilrma-t-iss-seq,2,10,2,0.6346562499999999,1.0,0,659577591,0,0,0.0,-4.932167044762739,-4.703342738284681,0.0,0.0,0.0
505,ilrma-t-iss-seq,2,10,2,0.6346562499999999,1.0,0,659577591,50,1,0.8529159542756924,-3.0369419931338997,1.0562987740627148,1.8952250516288394,5.759641512347397,0.5
506,ilrma-t-iss-joint,2,10,2,0.6346562499999999,1.0,0,659577591,0,0,0.0,-4.932167044762739,-4.703342738284681,0.0,0.0,0.0
507,ilrma-t-iss-joint,2,10,2,0.6346562499999999,1.0,0,659577591,50,1,1.5673778648788494,-3.0369419931338997,1.0562987740627148,1.8952250516288394,5.759641512347397,0.5
508,ilrma,2,10,2,0.6346562499999999,1.0,0,659577591,0,0,0.0,-4.932167044762739,-4.703342738284681,0.0,0.0,0.0
509,ilrma,2,10,2,0.6346562499999999,1.0,0,659577591,50,1,0.21498523279848092,-5.103097906945412,-4.645968879236657,-0.17093086218267306,0.05737385904802439,0.0
510,auxiva,2,10,2,0.6346562499999999,1.0,0,1358822685,0,0,0.0,-4.858397417185653,-4.606309342007146,0.0,0.0,0.0
511,auxiva,2,10,2,0.6346562499999999,1.0,0,1358822685,50,1,0.05201367499301102,-6.368435339922647,-2.65436849703033,-1.5100379227369936,1.9519408449768163,0.0
512,ilrma-t-IP,2,10,2,0.6346562499999999,1.0,0,1358822685,0,0,0.0,-4.858397417185653,-4.606309342007146,0.0,0.0,0.0
513,ilrma-t-IP,2,10,2,0.6346562499999999,1.0,0,1358822685,50,1,2.8955130292972955,-2.46888782177965,1.8599338121222182,2.3895095954060035,6.466243154129364,0.5
514,ilrma-t-iss-seq,2,10,2,0.6346562499999999,1.0,0,1358822685,0,0,0.0,-4.858397417185653,-4.606309342007146,0.0,0.0,0.0
515,ilrma-t-iss-seq,2,10,2,0.6346562499999999,1.0,0,1358822685,50,1,0.7740196404102183,-2.960798260945931,1.8650142517927404,1.8975991562397228,6.4713235937998865,0.5
516,ilrma-t-iss-joint,2,10,2,0.6346562499999999,1.0,0,1358822685,0,0,0.0,-4.858397417185653,-4.606309342007146,0.0,0.0,0.0
517,ilrma-t-iss-joint,2,10,2,0.6346562499999999,1.0,0,1358822685,50,1,1.8082674856122007,-2.960798260945931,1.8650142517927404,1.8975991562397228,6.4713235937998865,0.5
518,ilrma,2,10,2,0.6346562499999999,1.0,0,1358822685,0,0,0.0,-4.858397417185653,-4.606309342007146,0.0,0.0,0.0
519,ilrma,2,10,2,0.6346562499999999,1.0,0,1358822685,50,1,0.21129536538521762,-4.697918310155913,2.812454564131376,0.16047910702974022,7.418763906138523,0.5
520,auxiva,2,10,2,0.6346562499999999,1.0,10,878579710,0,0,0.0,-0.7855912051861418,-0.5608376979324246,0.0,0.0,0.0
521,auxiva,2,10,2,0.6346562499999999,1.0,10,878579710,50,1,0.051549583976508856,2.3560895293532322,7.918795914087692,3.1416807345393742,8.479633612020116,1.0
522,ilrma-t-IP,2,10,2,0.6346562499999999,1.0,10,878579710,0,0,0.0,-0.7855912051861418,-0.5608376979324246,0.0,0.0,0.0
523,ilrma-t-IP,2,10,2,0.6346562499999999,1.0,10,878579710,50,1,3.033777641508968,6.251881946237037,11.684194726440616,7.037473151423178,12.24503242437304,1.0
524,ilrma-t-iss-seq,2,10,2,0.6346562499999999,1.0,10,878579710,0,0,0.0,-0.7855912051861418,-0.5608376979324246,0.0,0.0,0.0
525,ilrma-t-iss-seq,2,10,2,0.6346562499999999,1.0,10,878579710,50,1,0.9068928238387894,6.165593045945504,11.507086530166994,6.951184251131645,12.067924228099418,1.0
526,ilrma-t-iss-joint,2,10,2,0.6346562499999999,1.0,10,878579710,0,0,0.0,-0.7855912051861418,-0.5608376979324246,0.0,0.0,0.0
527,ilrma-t-iss-joint,2,10,2,0.6346562499999999,1.0,10,878579710,50,1,1.7524227972336703,6.165593045945504,11.507086530166994,6.951184251131645,12.067924228099418,1.0
528,ilrma,2,10,2,0.6346562499999999,1.0,10,878579710,0,0,0.0,-0.7855912051861418,-0.5608376979324246,0.0,0.0,0.0
529,ilrma,2,10,2,0.6346562499999999,1.0,10,878579710,50,1,0.23205577788436407,5.653971076062168,11.473608778069117,6.43956228124831,12.034446476001541,1.0
530,auxiva,2,10,2,0.6346562499999999,1.0,0,1063926992,0,0,0.0,-4.87986722162735,-4.621462390824675,0.0,0.0,0.0
531,auxiva,2,10,2,0.6346562499999999,1.0,0,1063926992,50,1,0.05275699510544947,-1.475971672946802,1.858908343563971,3.4038955486805484,6.480370734388646,1.0
532,ilrma-t-IP,2,10,2,0.6346562499999999,1.0,0,1063926992,0,0,0.0,-4.87986722162735,-4.621462390824675,0.0,0.0,0.0
533,ilrma-t-IP,2,10,2,0.6346562499999999,1.0,0,1063926992,50,1,2.7301388966298994,-1.6365595415134768,1.7913751419773334,3.2433076801138743,6.4128375328020075,1.0
534,ilrma-t-iss-seq,2,10,2,0.6346562499999999,1.0,0,1063926992,0,0,0.0,-4.87986722162735,-4.621462390824675,0.0,0.0,0.0
535,ilrma-t-iss-seq,2,10,2,0.6346562499999999,1.0,0,1063926992,50,1,0.7867673584216114,-1.9325534766871213,1.8855971509937115,2.9473137449402294,6.5070595418183865,0.5
536,ilrma-t-iss-joint,2,10,2,0.6346562499999999,1.0,0,1063926992,0,0,0.0,-4.87986722162735,-4.621462390824675,0.0,0.0,0.0
537,ilrma-t-iss-joint,2,10,2,0.6346562499999999,1.0,0,1063926992,50,1,1.712207907556767,-1.9325534766871213,1.8855971509937115,2.9473137449402294,6.5070595418183865,0.5
538,ilrma,2,10,2,0.6346562499999999,1.0,0,1063926992,0,0,0.0,-4.87986722162735,-4.621462390824675,0.0,0.0,0.0
539,ilrma,2,10,2,0.6346562499999999,1.0,0,1063926992,50,1,0.21264246959085284,-3.7357879811722254,0.860440606755325,1.144079240455125,5.48190299758,0.5
540,auxiva,2,10,2,0.6346562499999999,1.0,10,1358822685,0,0,0.0,-0.9632922500799548,-0.7113810661213618,0.0,0.0,0.0
541,auxiva,2,10,2,0.6346562499999999,1.0,10,1358822685,50,1,0.05158175395808994,6.507573314639494,11.634897378377929,7.470865564719449,12.34627844449929,1.0
542,ilrma-t-IP,2,10,2,0.6346562499999999,1.0,10,1358822685,0,0,0.0,-0.9632922500799548,-0.7113810661213618,0.0,0.0,0.0
543,ilrma-t-IP,2,10,2,0.6346562499999999,1.0,10,1358822685,50,1,2.582538562091907,6.751810156731293,11.727782018294924,7.715102406811248,12.439163084416286,1.0
544,ilrma-t-iss-seq,2,10,2,0.6346562499999999,1.0,10,1358822685,0,0,0.0,-0.9632922500799548,-0.7113810661213618,0.0,0.0,0.0
545,ilrma-t-iss-seq,2,10,2,0.6346562499999999,1.0,10,1358822685,50,1,0.7793283604675394,6.755538206289458,11.746512082619587,7.718830456369412,12.457893148740949,1.0
546,ilrma-t-iss-joint,2,10,2,0.6346562499999999,1.0,10,1358822685,0,0,0.0,-0.9632922500799548,-0.7113810661213618,0.0,0.0,0.0
547,ilrma-t-iss-joint,2,10,2,0.6346562499999999,1.0,10,1358822685,50,1,1.967645317847161,6.755538206289458,11.746512082619587,7.718830456369412,12.457893148740949,1.0
548,ilrma,2,10,2,0.6346562499999999,1.0,10,1358822685,0,0,0.0,-0.9632922500799548,-0.7113810661213618,0.0,0.0,0.0
549,ilrma,2,10,2,0.6346562499999999,1.0,10,1358822685,50,1,0.21670342252095035,6.390164785012186,11.559013349953585,7.353457035092141,12.270394416074947,1.0
550,auxiva,2,10,2,0.6346562499999999,1.0,10,561383553,0,0,0.0,-0.968263385965394,-0.4328447462857569,0.0,0.0,0.0
551,auxiva,2,10,2,0.6346562499999999,1.0,10,561383553,50,1,0.05060501253420008,5.742186845349421,11.497183046832868,6.710450231314816,11.930027793118626,1.0
552,ilrma-t-IP,2,10,2,0.6346562499999999,1.0,10,561383553,0,0,0.0,-0.968263385965394,-0.4328447462857569,0.0,0.0,0.0
553,ilrma-t-IP,2,10,2,0.6346562499999999,1.0,10,561383553,50,1,2.5295946867848493,5.864773975830573,11.32840455386932,6.833037361795968,11.761249300155075,1.0
554,ilrma-t-iss-seq,2,10,2,0.6346562499999999,1.0,10,561383553,0,0,0.0,-0.968263385965394,-0.4328447462857569,0.0,0.0,0.0
555,ilrma-t-iss-seq,2,10,2,0.6346562499999999,1.0,10,561383553,50,1,0.8375304368810805,5.835759650705324,11.28142881030893,6.804023036670718,11.714273556594687,1.0
556,ilrma-t-iss-joint,2,10,2,0.6346562499999999,1.0,10,561383553,0,0,0.0,-0.968263385965394,-0.4328447462857569,0.0,0.0,0.0
557,ilrma-t-iss-joint,2,10,2,0.6346562499999999,1.0,10,561383553,50,1,1.906963657431426,5.835759650705324,11.28142881030893,6.804023036670718,11.714273556594687,1.0
558,ilrma,2,10,2,0.6346562499999999,1.0,10,561383553,0,0,0.0,-0.968263385965394,-0.4328447462857569,0.0,0.0,0.0
559,ilrma,2,10,2,0.6346562499999999,1.0,10,561383553,50,1,0.22613847585278535,6.425699942255017,11.612047753653485,7.393963328220412,12.044892499939241,1.0
560,auxiva,2,10,2,0.6346562499999999,1.0,0,1319794951,0,0,0.0,-4.740243362781726,-4.711171391934004,0.0,0.0,0.0
561,auxiva,2,10,2,0.6346562499999999,1.0,0,1319794951,50,1,0.050920685996732086,-1.2420955750464557,1.9794222550435372,3.4981477877352702,6.6905936469775416,1.0
562,ilrma-t-IP,2,10,2,0.6346562499999999,1.0,0,1319794951,0,0,0.0,-4.740243362781726,-4.711171391934004,0.0,0.0,0.0
563,ilrma-t-IP,2,10,2,0.6346562499999999,1.0,0,1319794951,50,1,2.4898106400832702,-1.636108621899265,1.6504648954659227,3.1041347408824613,6.361636287399927,1.0
564,ilrma-t-iss-seq,2,10,2,0.6346562499999999,1.0,0,1319794951,0,0,0.0,-4.740243362781726,-4.711171391934004,0.0,0.0,0.0
565,ilrma-t-iss-seq,2,10,2,0.6346562499999999,1.0,0,1319794951,50,1,0.8646406186300615,-1.8108355973792678,1.4637781437502735,2.9294077654024586,6.174949535684277,1.0
566,ilrma-t-iss-joint,2,10,2,0.6346562499999999,1.0,0,1319794951,0,0,0.0,-4.740243362781726,-4.711171391934004,0.0,0.0,0.0
567,ilrma-t-iss-joint,2,10,2,0.6346562499999999,1.0,0,1319794951,50,1,1.7369929848142138,-1.8108355973792678,1.4637781437502735,2.9294077654024586,6.174949535684277,1.0
568,ilrma,2,10,2,0.6346562499999999,1.0,0,1319794951,0,0,0.0,-4.740243362781726,-4.711171391934004,0.0,0.0,0.0
569,ilrma,2,10,2,0.6346562499999999,1.0,0,1319794951,50,1,0.23458524633102423,-3.6014709928417634,0.3956532941183052,1.138772369939963,5.106824686052309,0.5
570,auxiva,2,10,2,0.6346562499999999,1.0,0,671780907,0,0,0.0,-4.796467650861244,-4.509278071139536,0.0,0.0,0.0
571,auxiva,2,10,2,0.6346562499999999,1.0,0,671780907,50,1,0.052003502718269944,-1.91377553708262,1.3321994190128423,2.8826921137786243,5.8414774901523785,1.0
572,ilrma-t-IP,2,10,2,0.6346562499999999,1.0,0,671780907,0,0,0.0,-4.796467650861244,-4.509278071139536,0.0,0.0,0.0
573,ilrma-t-IP,2,10,2,0.6346562499999999,1.0,0,671780907,50,1,2.5053822809008786,-1.6379956660703785,1.4844681780382882,3.1584719847908658,5.993746249177825,1.0
574,ilrma-t-iss-seq,2,10,2,0.6346562499999999,1.0,0,671780907,0,0,0.0,-4.796467650861244,-4.509278071139536,0.0,0.0,0.0
575,ilrma-t-iss-seq,2,10,2,0.6346562499999999,1.0,0,671780907,50,1,0.7460240913792308,-1.953941444857484,1.37861290676697,2.84252620600376,5.8878909779065065,1.0
576,ilrma-t-iss-joint,2,10,2,0.6346562499999999,1.0,0,671780907,0,0,0.0,-4.796467650861244,-4.509278071139536,0.0,0.0,0.0
577,ilrma-t-iss-joint,2,10,2,0.6346562499999999,1.0,0,671780907,50,1,1.6734862835294344,-1.953941444857484,1.37861290676697,2.84252620600376,5.8878909779065065,1.0
578,ilrma,2,10,2,0.6346562499999999,1.0,0,671780907,0,0,0.0,-4.796467650861244,-4.509278071139536,0.0,0.0,0.0
579,ilrma,2,10,2,0.6346562499999999,1.0,0,671780907,50,1,0.20905521032338392,-1.569088147996896,1.498149798935998,3.2273795028643484,6.007427870075534,0.5
580,auxiva,2,10,2,0.6346562499999999,1.0,0,657890619,0,0,0.0,-4.784943426971117,-4.541053000666787,0.0,0.0,0.0
581,auxiva,2,10,2,0.6346562499999999,1.0,0,657890619,50,1,0.05045845964404494,-3.548414019622938,0.058841155059079386,1.2365294073481794,4.599894155725867,0.5
582,ilrma-t-IP,2,10,2,0.6346562499999999,1.0,0,657890619,0,0,0.0,-4.784943426971117,-4.541053000666787,0.0,0.0,0.0
583,ilrma-t-IP,2,10,2,0.6346562499999999,1.0,0,657890619,50,1,2.5018630420140053,-3.373778418170792,0.4383885987066628,1.4111650088003251,4.97944159937345,0.5
584,ilrma-t-iss-seq,2,10,2,0.6346562499999999,1.0,0,657890619,0,0,0.0,-4.784943426971117,-4.541053000666787,0.0,0.0,0.0
585,ilrma-t-iss-seq,2,10,2,0.6346562499999999,1.0,0,657890619,50,1,0.7903733759780617,-3.3190531269161805,0.8055647044355952,1.4658903000549368,5.346617705102383,0.5
586,ilrma-t-iss-joint,2,10,2,0.6346562499999999,1.0,0,657890619,0,0,0.0,-4.784943426971117,-4.541053000666787,0.0,0.0,0.0
587,ilrma-t-iss-joint,2,10,2,0.6346562499999999,1.0,0,657890619,50,1,1.9300410114660822,-3.3190531269161805,0.8055647044355952,1.4658903000549368,5.346617705102383,0.5
588,ilrma,2,10,2,0.6346562499999999,1.0,0,657890619,0,0,0.0,-4.784943426971117,-4.541053000666787,0.0,0.0,0.0
589,ilrma,2,10,2,0.6346562499999999,1.0,0,657890619,50,1,0.2103737318298095,-4.745893597134357,-4.395700619261942,0.039049829836760974,0.14535238140484585,0.0
590,auxiva,2,10,2,0.6346562499999999,1.0,0,1959836417,0,0,0.0,-4.913379214073871,-4.5792611826614396,0.0,0.0,0.0
591,auxiva,2,10,2,0.6346562499999999,1.0,0,1959836417,50,1,0.05647898754571331,-0.7573687096065512,2.2989003435455944,4.156010504467319,6.878161526207034,1.0
592,ilrma-t-IP,2,10,2,0.6346562499999999,1.0,0,1959836417,0,0,0.0,-4.913379214073871,-4.5792611826614396,0.0,0.0,0.0
593,ilrma-t-IP,2,10,2,0.6346562499999999,1.0,0,1959836417,50,1,3.502968662646084,-0.6527097104760474,2.3648241262765017,4.260669503597823,6.944085308937941,1.0
594,ilrma-t-iss-seq,2,10,2,0.6346562499999999,1.0,0,1959836417,0,0,0.0,-4.913379214073871,-4.5792611826614396,0.0,0.0,0.0
595,ilrma-t-iss-seq,2,10,2,0.6346562499999999,1.0,0,1959836417,50,1,0.779659363141945,-0.6833315322802522,2.351510307168467,4.230047681793618,6.930771489829906,1.0
596,ilrma-t-iss-joint,2,10,2,0.6346562499999999,1.0,0,1959836417,0,0,0.0,-4.913379214073871,-4.5792611826614396,0.0,0.0,0.0
597,ilrma-t-iss-joint,2,10,2,0.6346562499999999,1.0,0,1959836417,50,1,1.91380929160588,-0.6833315322802522,2.351510307168467,4.230047681793618,6.930771489829906,1.0
598,ilrma,2,10,2,0.6346562499999999,1.0,0,1959836417,0,0,0.0,-4.913379214073871,-4.5792611826614396,0.0,0.0,0.0
599,ilrma,2,10,2,0.6346562499999999,1.0,0,1959836417,50,1,0.2094115548419093,-1.1649681950284005,1.9692339313976945,3.7484110190454696,6.5484951140591345,1.0
