,Algorithm,Sources,Interferers,Mics,RT60,Distance,SINR,seed,Iteration,Iteration_Index,Runtime [s],SI-SDR [dB],SI-SIR [dB],ΔSI-SDR [dB],ΔSI-SIR [dB],Success
0,ilrma-t-IP,2,10,2,0.6346562499999999,1.0,10,410361373,0,0,0.0,-1.0772481366020528,-0.6713123051394693,0.0,0.0,0.0
1,ilrma-t-IP,2,10,2,0.6346562499999999,1.0,10,410361373,50,1,1.0227680277416558,6.5730543917206266,11.88132770816888,7.65030252832268,12.55264001330835,1.0
2,ilrma,2,10,2,0.6346562499999999,1.0,10,410361373,0,0,0.0,-1.0772481366020528,-0.6713123051394693,0.0,0.0,0.0
3,ilrma,2,10,2,0.6346562499999999,1.0,10,410361373,50,1,0.23536263545730385,6.381878141385744,11.569624909137104,7.459126277987798,12.240937214276574,1.0
4,ilrma-t-IP,2,10,2,0.6346562499999999,1.0,0,1712592594,0,0,0.0,-4.855353157924217,-4.578761922986392,0.0,0.0,0.0
5,ilrma-t-IP,2,10,2,0.6346562499999999,1.0,0,1712592594,50,1,0.9790839059591385,-0.4725878339616297,2.5146399488493403,4.3827653239625874,7.093401871835733,1.0
6,ilrma,2,10,2,0.6346562499999999,1.0,0,1712592594,0,0,0.0,-4.855353157924217,-4.578761922986392,0.0,0.0,0.0
7,ilrma,2,10,2,0.6346562499999999,1.0,0,1712592594,50,1,0.22737016064164725,-5.696763290253429,3.30420341056098,-0.8414101323292118,7.882965333547372,0.5
8,ilrma-t-IP,2,10,2,0.6346562499999999,1.0,10,1959836417,0,0,0.0,-0.9741254700109067,-0.5160355900600769,0.0,0.0,0.0
9,ilrma-t-IP,2,10,2,0.6346562499999999,1.0,10,1959836417,50,1,0.9621725868036973,7.350289887182801,12.321464208544679,8.324415357193708,12.837499798604755,1.0
10,ilrma,2,10,2,0.6346562499999999,1.0,10,1959836417,0,0,0.0,-0.9741254700109067,-0.5160355900600769,0.0,0.0,0.0
11,ilrma,2,10,2,0.6346562499999999,1.0,10,1959836417,50,1,0.2187855499649094,7.23821152808681,12.045508979131805,8.212336998097715,12.56154456919188,1.0
12,ilrma-t-IP,2,10,2,0.6346562499999999,1.0,10,789925284,0,0,0.0,-1.131511737851484,-0.7388061793856151,0.0,0.0,0.0
13,ilrma-t-IP,2,10,2,0.6346562499999999,1.0,10,789925284,50,1,0.9531775176384267,5.969007687991397,11.600530267468695,7.10051942584288,12.339336446854311,1.0
14,ilrma,2,10,2,0.6346562499999999,1.0,10,789925284,0,0,0.0,-1.131511737851484,-0.7388061793856151,0.0,0.0,0.0
15,ilrma,2,10,2,0.6346562499999999,1.0,10,789925284,50,1,0.27381292543884406,5.712853680082417,10.998977652427941,6.844365417933901,11.737783831813555,1.0
16,ilrma-t-IP,2,10,2,0.6346562499999999,1.0,0,137773602,0,0,0.0,-4.824244904467302,-4.475082785222781,0.0,0.0,0.0
17,ilrma-t-IP,2,10,2,0.6346562499999999,1.0,0,137773602,50,1,0.9850462745562847,-7.195650795723523,-3.609124636161434,-2.3714058912562206,0.8659581490613466,0.0
18,ilrma,2,10,2,0.6346562499999999,1.0,0,137773602,0,0,0.0,-4.824244904467302,-4.475082785222781,0.0,0.0,0.0
19,ilrma,2,10,2,0.6346562499999999,1.0,0,137773602,50,1,0.21738918249429856,-4.086296113340951,3.5699169539847366,0.7379487911263511,8.044999739207517,0.5
20,ilrma-t-IP,2,10,2,0.6346562499999999,1.0,10,1069045865,0,0,0.0,-0.7655947191755477,-0.36736526075015224,0.0,0.0,0.5
21,ilrma-t-IP,2,10,2,0.6346562499999999,1.0,10,1069045865,50,1,0.9320908673840023,6.3341361301659305,11.89097700441297,7.099730849341478,12.258342265163122,1.0
22,ilrma,2,10,2,0.6346562499999999,1.0,10,1069045865,0,0,0.0,-0.7655947191755477,-0.36736526075015224,0.0,0.0,0.5
23,ilrma,2,10,2,0.6346562499999999,1.0,10,1069045865,50,1,0.2279399815803164,6.270295247988566,11.516461169822186,7.035889967164113,11.883826430572338,1.0
24,ilrma-t-IP,2,10,2,0.6346562499999999,1.0,0,1063926992,0,0,0.0,-4.879867221627398,-4.621462390824718,0.0,0.0,0.0
25,ilrma-t-IP,2,10,2,0.6346562499999999,1.0,0,1063926992,50,1,1.041584486693907,-1.6365595415136185,1.7913751419772157,3.2433076801137797,6.412837532801934,1.0
26,ilrma,2,10,2,0.6346562499999999,1.0,0,1063926992,0,0,0.0,-4.879867221627398,-4.621462390824718,0.0,0.0,0.0
27,ilrma,2,10,2,0.6346562499999999,1.0,0,1063926992,50,1,0.22852313873288851,-8.8208173941595,-2.54012171546821,-3.940950172532101,2.081340675356508,0.0
28,ilrma-t-IP,2,10,2,0.6346562499999999,1.0,10,1981297353,0,0,0.0,-0.7810483120154377,-0.5250949880442275,0.0,0.0,0.0
29,ilrma-t-IP,2,10,2,0.6346562499999999,1.0,10,1981297353,50,1,0.9345510226733115,6.394579727834751,11.872405064706719,7.175628039850189,12.397500052750946,1.0
30,ilrma,2,10,2,0.6346562499999999,1.0,10,1981297353,0,0,0.0,-0.7810483120154377,-0.5250949880442275,0.0,0.0,0.0
31,ilrma,2,10,2,0.6346562499999999,1.0,10,1981297353,50,1,0.2192123899374654,6.5837347242514355,11.736250195359656,7.364783036266873,12.261345183403884,1.0
32,ilrma-t-IP,2,10,2,0.6346562499999999,1.0,10,1605979227,0,0,0.0,-1.2021377538804883,-0.7280110879798236,0.0,0.0,0.0
33,ilrma-t-IP,2,10,2,0.6346562499999999,1.0,10,1605979227,50,1,0.9851256192198661,7.588025064280018,12.244778960942249,8.790162818160507,12.972790048922072,1.0
34,ilrma,2,10,2,0.6346562499999999,1.0,10,1605979227,0,0,0.0,-1.2021377538804883,-0.7280110879798236,0.0,0.0,0.0
35,ilrma,2,10,2,0.6346562499999999,1.0,10,1605979227,50,1,0.21765698233732378,7.568813114908257,11.915492466504446,8.770950868788745,12.64350355448427,1.0
36,ilrma-t-IP,2,10,2,0.6346562499999999,1.0,0,789925284,0,0,0.0,-4.8447083956033286,-4.815408139349712,0.0,0.0,0.0
37,ilrma-t-IP,2,10,2,0.6346562499999999,1.0,0,789925284,50,1,0.9206009279223347,-1.3948730411812194,1.7964963165046546,3.4498353544221096,6.611904455854367,1.0
38,ilrma,2,10,2,0.6346562499999999,1.0,0,789925284,0,0,0.0,-4.8447083956033286,-4.815408139349712,0.0,0.0,0.0
39,ilrma,2,10,2,0.6346562499999999,1.0,0,789925284,50,1,0.21765605463678878,-2.1884851743050344,0.8441085579639872,2.656223221298295,5.659516697313699,1.0
40,ilrma-t-IP,2,10,2,0.6346562499999999,1.0,10,671780907,0,0,0.0,-0.8728685944493157,-0.559869216133057,0.0,0.0,0.0
41,ilrma-t-IP,2,10,2,0.6346562499999999,1.0,10,671780907,50,1,0.9402679586594166,6.540215994851606,11.735020107470174,7.413084589300922,12.294889323603229,1.0
42,ilrma,2,10,2,0.6346562499999999,1.0,10,671780907,0,0,0.0,-0.8728685944493157,-0.559869216133057,0.0,0.0,0.0
43,ilrma,2,10,2,0.6346562499999999,1.0,10,671780907,50,1,0.2172095776330753,6.432435059703419,11.314227189022008,7.305303654152735,11.874096405155065,1.0
44,ilrma-t-IP,2,10,2,0.6346562499999999,1.0,0,1069045865,0,0,0.0,-4.638736050399483,-4.295879239434605,0.0,0.0,0.0
45,ilrma-t-IP,2,10,2,0.6346562499999999,1.0,0,1069045865,50,1,0.993407556646248,-0.9413430573285106,2.153955691848674,3.697392993070972,6.449834931283279,1.0
46,ilrma,2,10,2,0.6346562499999999,1.0,0,1069045865,0,0,0.0,-4.638736050399483,-4.295879239434605,0.0,0.0,0.0
47,ilrma,2,10,2,0.6346562499999999,1.0,0,1069045865,50,1,0.2192037846155627,-1.5376634978879258,1.7128672545585415,3.101072552511557,6.008746493993145,1.0
48,ilrma-t-IP,2,10,2,0.6346562499999999,1.0,0,878579710,0,0,0.0,-4.604366145186159,-4.347402547758303,0.0,0.0,0.0
49,ilrma-t-IP,2,10,2,0.6346562499999999,1.0,0,878579710,50,1,0.9471684676425414,-2.977797929030163,0.3928466235104047,1.6265682161559958,4.740249171268708,1.0
50,ilrma,2,10,2,0.6346562499999999,1.0,0,878579710,0,0,0.0,-4.604366145186159,-4.347402547758303,0.0,0.0,0.0
51,ilrma,2,10,2,0.6346562499999999,1.0,0,878579710,50,1,0.21767454692271623,-4.565898661591524,-4.298554982089631,0.038467483594635254,0.04884756566867221,0.0
52,ilrma-t-IP,2,10,2,0.6346562499999999,1.0,10,1675701733,0,0,0.0,-0.790859865125406,-0.7836500460611937,0.0,0.0,0.0
53,ilrma-t-IP,2,10,2,0.6346562499999999,1.0,10,1675701733,50,1,0.946587920705163,5.840761695642271,11.404889807384208,6.631621560767677,12.188539853445402,1.0
54,ilrma,2,10,2,0.6346562499999999,1.0,10,1675701733,0,0,0.0,-0.790859865125406,-0.7836500460611937,0.0,0.0,0.0
55,ilrma,2,10,2,0.6346562499999999,1.0,10,1675701733,50,1,0.2239730321616278,5.460708400433514,10.969865276500986,6.2515682655589195,11.75351532256218,1.0
56,ilrma-t-IP,2,10,2,0.6346562499999999,1.0,10,561383553,0,0,0.0,-0.968263385965384,-0.43284474628572167,0.0,0.0,0.0
57,ilrma-t-IP,2,10,2,0.6346562499999999,1.0,10,561383553,50,1,0.9548923543739661,5.864773975831342,11.328404553869868,6.833037361796727,11.76124930015559,1.0
58,ilrma,2,10,2,0.6346562499999999,1.0,10,561383553,0,0,0.0,-0.968263385965384,-0.43284474628572167,0.0,0.0,0.0
59,ilrma,2,10,2,0.6346562499999999,1.0,10,561383553,50,1,0.2222588051227671,1.7101682496358055,7.797809478971354,2.6784316356011892,8.230654225257076,1.0
60,ilrma-t-IP,2,10,2,0.6346562499999999,1.0,0,457175121,0,0,0.0,-4.916736876050528,-4.528476376114864,0.0,0.0,0.0
61,ilrma-t-IP,2,10,2,0.6346562499999999,1.0,0,457175121,50,1,0.9230587385353506,-2.4778210415063775,1.072373804797177,2.4389158345441504,5.600850180912041,1.0
62,ilrma,2,10,2,0.6346562499999999,1.0,0,457175121,0,0,0.0,-4.916736876050528,-4.528476376114864,0.0,0.0,0.0
63,ilrma,2,10,2,0.6346562499999999,1.0,0,457175121,50,1,0.21737648313814092,-8.110957530795107,-0.2606023384001035,-3.194220654744578,4.26787403771476,0.5
64,ilrma-t-IP,2,10,2,0.6346562499999999,1.0,0,290876773,0,0,0.0,-4.767221302098061,-4.737949747117425,0.0,0.0,0.0
65,ilrma-t-IP,2,10,2,0.6346562499999999,1.0,0,290876773,50,1,0.9608069635380065,-1.5777067311876647,1.7641302896039088,3.1895145709103967,6.502080036721334,1.0
66,ilrma,2,10,2,0.6346562499999999,1.0,0,290876773,0,0,0.0,-4.767221302098061,-4.737949747117425,0.0,0.0,0.0
67,ilrma,2,10,2,0.6346562499999999,1.0,0,290876773,50,1,0.21659494727834386,-1.9313172065258104,1.3522791136248324,2.8359040955722508,6.090228860742258,1.0
68,ilrma-t-IP,2,10,2,0.6346562499999999,1.0,0,115061003,0,0,0.0,-4.805236177886643,-4.776376812595927,0.0,0.0,0.0
69,ilrma-t-IP,2,10,2,0.6346562499999999,1.0,0,115061003,50,1,0.970543397165503,-1.2761180315800609,1.939859509639681,3.529118146306583,6.716236322235608,1.0
70,ilrma,2,10,2,0.6346562499999999,1.0,0,115061003,0,0,0.0,-4.805236177886643,-4.776376812595927,0.0,0.0,0.0
71,ilrma,2,10,2,0.6346562499999999,1.0,0,115061003,50,1,0.21609554667960498,-1.6142552507387122,1.3544183963620715,3.1909809271479315,6.1307952089579985,1.0
72,ilrma-t-IP,2,10,2,0.6346562499999999,1.0,10,1983958385,0,0,0.0,-1.0349016800969089,-0.7265892482560544,0.0,0.0,0.0
73,ilrma-t-IP,2,10,2,0.6346562499999999,1.0,10,1983958385,50,1,0.9778645509113799,5.443958135855054,11.170912374079693,6.478859815951962,11.897501622335747,1.0
74,ilrma,2,10,2,0.6346562499999999,1.0,10,1983958385,0,0,0.0,-1.0349016800969089,-0.7265892482560544,0.0,0.0,0.0
75,ilrma,2,10,2,0.6346562499999999,1.0,10,1983958385,50,1,0.21473400408318438,6.197793153428437,11.446472570027506,7.232694833525345,12.17306181828356,1.0
76,ilrma-t-IP,2,10,2,0.6346562499999999,1.0,0,1402032510,0,0,0.0,-4.690485887319557,-4.661762410395008,0.0,0.0,0.0
77,ilrma-t-IP,2,10,2,0.6346562499999999,1.0,0,1402032510,50,1,0.9705859577775696,-0.6051219753369446,2.4834572306316103,4.085363911982613,7.145219641026619,1.0
78,ilrma,2,10,2,0.6346562499999999,1.0,0,1402032510,0,0,0.0,-4.690485887319557,-4.661762410395008,0.0,0.0,0.0
79,ilrma,2,10,2,0.6346562499999999,1.0,0,1402032510,50,1,0.21759340360041163,-0.7530973867679474,4.250914660047159,3.9373885005516103,8.912677070442168,0.5
80,ilrma-t-IP,2,10,2,0.6346562499999999,1.0,0,1995074678,0,0,0.0,-4.721915733490053,-4.466067634577151,0.0,0.0,0.0
81,ilrma-t-IP,2,10,2,0.6346562499999999,1.0,0,1995074678,50,1,0.9249115931704861,-0.787286202705523,2.266979088661673,3.9346295307845294,6.733046723238824,1.0
82,ilrma,2,10,2,0.6346562499999999,1.0,0,1995074678,0,0,0.0,-4.721915733490053,-4.466067634577151,0.0,0.0,0.0
83,ilrma,2,10,2,0.6346562499999999,1.0,0,1995074678,50,1,0.21610083875267144,-0.9719180368437483,2.1563758552015755,3.7499976966463047,6.6224434897787265,1.0
84,ilrma-t-IP,2,10,2,0.6346562499999999,1.0,10,1819941518,0,0,0.0,-0.9576265637432608,-0.5748804760578363,0.0,0.0,0.0
85,ilrma-t-IP,2,10,2,0.6346562499999999,1.0,10,1819941518,50,1,0.9611488315574181,7.560168130574937,12.495319819123548,8.517794694318198,13.070200295181383,1.0
86,ilrma,2,10,2,0.6346562499999999,1.0,10,1819941518,0,0,0.0,-0.9576265637432608,-0.5748804760578363,0.0,0.0,0.0
87,ilrma,2,10,2,0.6346562499999999,1.0,10,1819941518,50,1,0.21453463194211253,7.700669097552571,12.553830021872585,8.658295661295831,13.12871049793042,1.0
88,ilrma-t-IP,2,10,2,0.6346562499999999,1.0,10,115061003,0,0,0.0,-1.168583592411272,-0.7796890713599899,0.0,0.0,0.0
89,ilrma-t-IP,2,10,2,0.6346562499999999,1.0,10,115061003,50,1,0.9903311060509947,5.824889521948295,11.38659706210845,6.993473114359567,12.166286133468441,1.0
90,ilrma,2,10,2,0.6346562499999999,1.0,10,115061003,0,0,0.0,-1.168583592411272,-0.7796890713599899,0.0,0.0,0.0
91,ilrma,2,10,2,0.6346562499999999,1.0,10,115061003,50,1,0.23400614182437682,5.470351747967268,10.904980057542197,6.63893534037854,11.684669128902188,1.0
92,ilrma-t-IP,2,10,2,0.6346562499999999,1.0,10,1685103474,0,0,0.0,-1.0032811935127994,-0.719838130392599,0.0,0.0,0.0
93,ilrma-t-IP,2,10,2,0.6346562499999999,1.0,10,1685103474,50,1,1.048524815533508,5.696026203094178,11.424565484961331,6.699307396606978,12.14440361535393,1.0
94,ilrma,2,10,2,0.6346562499999999,1.0,10,1685103474,0,0,0.0,-1.0032811935127994,-0.719838130392599,0.0,0.0,0.0
95,ilrma,2,10,2,0.6346562499999999,1.0,10,1685103474,50,1,0.2287106677291637,6.457381600040773,12.055999275901687,7.460662793553573,12.775837406294286,1.0
96,ilrma-t-IP,2,10,2,0.6346562499999999,1.0,10,1712592594,0,0,0.0,-0.9570820363540629,-0.6496428857031064,0.0,0.0,0.0
97,ilrma-t-IP,2,10,2,0.6346562499999999,1.0,10,1712592594,50,1,0.9161610966837456,6.728462011466973,11.956326310540039,7.685544047821036,12.605969196243144,1.0
98,ilrma,2,10,2,0.6346562499999999,1.0,10,1712592594,0,0,0.0,-0.9570820363540629,-0.6496428857031064,0.0,0.0,0.0
99,ilrma,2,10,2,0.6346562499999999,1.0,10,1712592594,50,1,0.22349585181440224,6.793369728926477,11.693563616054668,7.750451765280539,12.343206501757775,1.0
100,ilrma-t-IP,2,10,2,0.6346562499999999,1.0,10,1319794951,0,0,0.0,-0.9529244498885467,-0.3936350075278767,0.0,0.0,0.5
101,ilrma-t-IP,2,10,2,0.6346562499999999,1.0,10,1319794951,50,1,0.9877135599266093,6.4494037682048475,11.992268058303804,7.402328218093394,12.38590306583168,1.0
102,ilrma,2,10,2,0.6346562499999999,1.0,10,1319794951,0,0,0.0,-0.9529244498885467,-0.3936350075278767,0.0,0.0,0.5
103,ilrma,2,10,2,0.6346562499999999,1.0,10,1319794951,50,1,0.2277779555646225,6.380453564760853,11.363074816432299,7.3333780146494,11.756709823960175,1.0
104,ilrma-t-IP,2,10,2,0.6346562499999999,1.0,0,1685103474,0,0,0.0,-4.855512268223782,-4.547279005617169,0.0,0.0,0.0
105,ilrma-t-IP,2,10,2,0.6346562499999999,1.0,0,1685103474,50,1,1.0106632618177156,-1.5811111940601819,2.1386345908238082,3.2744010741636003,6.685913596440978,0.5
106,ilrma,2,10,2,0.6346562499999999,1.0,0,1685103474,0,0,0.0,-4.855512268223782,-4.547279005617169,0.0,0.0,0.0
107,ilrma,2,10,2,0.6346562499999999,1.0,0,1685103474,50,1,0.22812316339503874,-3.2647336208894613,3.121226843118989,1.5907786473343208,7.668505848736158,0.5
108,ilrma-t-IP,2,10,2,0.6346562499999999,1.0,10,657890619,0,0,0.0,-0.9083947029187776,-0.6716949714114974,0.0,0.0,0.0
109,ilrma-t-IP,2,10,2,0.6346562499999999,1.0,10,657890619,50,1,0.9869161252053832,3.367090998279503,9.681887543592449,4.2754857011982805,10.353582515003946,1.0
110,ilrma,2,10,2,0.6346562499999999,1.0,10,657890619,0,0,0.0,-0.9083947029187776,-0.6716949714114974,0.0,0.0,0.0
111,ilrma,2,10,2,0.6346562499999999,1.0,10,657890619,50,1,0.22240170357145544,-4.817127158874906,5.247467469784085,-3.908732455956129,5.919162441195582,0.5
112,ilrma-t-IP,2,10,2,0.6346562499999999,1.0,0,1605979227,0,0,0.0,-4.71302457210648,-4.684299174512724,0.0,0.0,0.0
113,ilrma-t-IP,2,10,2,0.6346562499999999,1.0,0,1605979227,50,1,1.0118165082541315,-0.12249762540897559,2.5902140884921225,4.590526946697504,7.274513263004846,1.0
114,ilrma,2,10,2,0.6346562499999999,1.0,0,1605979227,0,0,0.0,-4.71302457210648,-4.684299174512724,0.0,0.0,0.0
115,ilrma,2,10,2,0.6346562499999999,1.0,0,1605979227,50,1,0.22902683136440333,-0.19765546685414148,2.5516150157993556,4.515369105252338,7.23591419031208,1.0
116,ilrma-t-IP,2,10,2,0.6346562499999999,1.0,10,1402032510,0,0,0.0,-1.0484135776819858,-0.5705499276411233,0.0,0.0,0.0
117,ilrma-t-IP,2,10,2,0.6346562499999999,1.0,10,1402032510,50,1,1.013553670988399,6.85218935154424,12.201411187091113,7.900602929226226,12.771961114732235,1.0
118,ilrma,2,10,2,0.6346562499999999,1.0,10,1402032510,0,0,0.0,-1.0484135776819858,-0.5705499276411233,0.0,0.0,0.0
119,ilrma,2,10,2,0.6346562499999999,1.0,10,1402032510,50,1,0.2235509622858583,6.819186002938641,12.151030973605582,7.867599580620626,12.721580901246707,1.0
120,ilrma-t-IP,2,10,2,0.6346562499999999,1.0,10,1995074678,0,0,0.0,-0.7760491175251827,-0.4670545810495629,0.0,0.0,0.0
121,ilrma-t-IP,2,10,2,0.6346562499999999,1.0,10,1995074678,50,1,0.9415207022542891,5.985855907174088,11.617425363210451,6.761905024699271,12.084479944260014,1.0
122,ilrma,2,10,2,0.6346562499999999,1.0,10,1995074678,0,0,0.0,-0.7760491175251827,-0.4670545810495629,0.0,0.0,0.0
123,ilrma,2,10,2,0.6346562499999999,1.0,10,1995074678,50,1,0.22618200703173663,6.800854867365644,11.762857520692496,7.576903984890827,12.229912101742059,1.0
124,ilrma-t-IP,2,10,2,0.6346562499999999,1.0,0,1675701733,0,0,0.0,-4.757167136379594,-4.72815156936624,0.0,0.0,0.0
125,ilrma-t-IP,2,10,2,0.6346562499999999,1.0,0,1675701733,50,1,0.9811403841362847,-1.279487636500578,1.9142565420618216,3.4776794998790157,6.642408111428061,1.0
126,ilrma,2,10,2,0.6346562499999999,1.0,0,1675701733,0,0,0.0,-4.757167136379594,-4.72815156936624,0.0,0.0,0.0
127,ilrma,2,10,2,0.6346562499999999,1.0,0,1675701733,50,1,0.22323072615756673,-1.5199860178565765,1.6478914749929836,3.2371811185230173,6.376043044359224,1.0
128,ilrma-t-IP,2,10,2,0.6346562499999999,1.0,0,659577591,0,0,0.0,-4.932167044762683,-4.703342738284634,0.0,0.0,0.0
129,ilrma-t-IP,2,10,2,0.6346562499999999,1.0,0,659577591,50,1,1.037795725556292,-2.358945478789178,1.3487250808121458,2.573221565973505,6.052067819096779,0.5
130,ilrma,2,10,2,0.6346562499999999,1.0,0,659577591,0,0,0.0,-4.932167044762683,-4.703342738284634,0.0,0.0,0.0
131,ilrma,2,10,2,0.6346562499999999,1.0,0,659577591,50,1,0.21988097017658984,-6.328740440647455,-1.6280161298088451,-1.3965733958847721,3.0753266084757884,0.5
132,ilrma-t-IP,2,10,2,0.6346562499999999,1.0,0,1319794951,0,0,0.0,-4.7402433627816905,-4.711171391933975,0.0,0.0,0.0
133,ilrma-t-IP,2,10,2,0.6346562499999999,1.0,0,1319794951,50,1,1.0374154402772138,-1.6361086218994116,1.6504648954658274,3.104134740882279,6.3616362873998025,1.0
134,ilrma,2,10,2,0.6346562499999999,1.0,0,1319794951,0,0,0.0,-4.7402433627816905,-4.711171391933975,0.0,0.0,0.0
135,ilrma,2,10,2,0.6346562499999999,1.0,0,1319794951,50,1,0.21991403893191433,-1.8637856036452742,1.8315143340729434,2.876457759136416,6.542685726006918,0.5
136,ilrma-t-IP,2,10,2,0.6346562499999999,1.0,10,1251993226,0,0,0.0,-0.9527151450474673,-0.7108784888177442,0.0,0.0,0.0
137,ilrma-t-IP,2,10,2,0.6346562499999999,1.0,10,1251993226,50,1,0.9418137290685725,6.426341883684768,12.003796154613486,7.379057028732236,12.71467464343123,1.0
138,ilrma,2,10,2,0.6346562499999999,1.0,10,1251993226,0,0,0.0,-0.9527151450474673,-0.7108784888177442,0.0,0.0,0.0
139,ilrma,2,10,2,0.6346562499999999,1.0,10,1251993226,50,1,0.21614490408874454,6.779618823963959,11.919718460788529,7.732333969011426,12.630596949606273,1.0
140,ilrma-t-IP,2,10,2,0.6346562499999999,1.0,10,457175121,0,0,0.0,-0.9630048352021136,-0.4195433648215848,0.0,0.0,0.5
141,ilrma-t-IP,2,10,2,0.6346562499999999,1.0,10,457175121,50,1,0.9402566908423875,6.771892893270999,11.992156279184746,7.734897728473113,12.41169964400633,1.0
142,ilrma,2,10,2,0.6346562499999999,1.0,10,457175121,0,0,0.0,-0.9630048352021136,-0.4195433648215848,0.0,0.0,0.5
143,ilrma,2,10,2,0.6346562499999999,1.0,10,457175121,50,1,0.22544551319317352,4.098265484623069,9.877761835205119,5.061270319825183,10.297305200026704,1.0
144,ilrma-t-IP,2,10,2,0.6346562499999999,1.0,0,1819941518,0,0,0.0,-4.885404983473046,-4.58901292841646,0.0,0.0,0.0
145,ilrma-t-IP,2,10,2,0.6346562499999999,1.0,0,1819941518,50,1,1.019920730314779,-1.2778868513716075,1.9941178244425206,3.607518132101439,6.58313075285898,1.0
146,ilrma,2,10,2,0.6346562499999999,1.0,0,1819941518,0,0,0.0,-4.885404983473046,-4.58901292841646,0.0,0.0,0.0
147,ilrma,2,10,2,0.6346562499999999,1.0,0,1819941518,50,1,0.23992822886453388,-7.0643876339262714,-2.3015900799484954,-2.1789826504532255,2.2874228484679637,0.0
148,ilrma-t-IP,2,10,2,0.6346562499999999,1.0,10,659577591,0,0,0.0,-1.098297331644632,-0.8884152786144254,0.0,0.0,0.0
149,ilrma-t-IP,2,10,2,0.6346562499999999,1.0,10,659577591,50,1,0.9739133826726356,5.040998836612571,11.084938087148998,6.139296168257204,11.973353365763426,1.0
150,ilrma,2,10,2,0.6346562499999999,1.0,10,659577591,0,0,0.0,-1.098297331644632,-0.8884152786144254,0.0,0.0,0.0
151,ilrma,2,10,2,0.6346562499999999,1.0,10,659577591,50,1,0.2222840184656119,4.319342399437801,10.27182005628233,5.417639731082433,11.160235334896756,1.0
152,ilrma-t-IP,2,10,2,0.6346562499999999,1.0,10,878579710,0,0,0.0,-0.7855912051860992,-0.5608376979323868,0.0,0.0,0.0
153,ilrma-t-IP,2,10,2,0.6346562499999999,1.0,10,878579710,50,1,1.0162698173119709,6.251881946237024,11.684194726440353,7.037473151423122,12.24503242437274,1.0
154,ilrma,2,10,2,0.6346562499999999,1.0,10,878579710,0,0,0.0,-0.7855912051860992,-0.5608376979323868,0.0,0.0,0.0
155,ilrma,2,10,2,0.6346562499999999,1.0,10,878579710,50,1,0.22055623622553613,4.412817333773092,10.900599514932424,5.198408538959192,11.46143721286481,1.0
156,ilrma-t-IP,2,10,2,0.6346562499999999,1.0,0,1981297353,0,0,0.0,-4.645576517475389,-4.4027154441841905,0.0,0.0,0.0
157,ilrma-t-IP,2,10,2,0.6346562499999999,1.0,0,1981297353,50,1,0.9524538186478425,-1.2173051332353886,1.9082988024637886,3.42827138424,6.3110142466479795,1.0
158,ilrma,2,10,2,0.6346562499999999,1.0,0,1981297353,0,0,0.0,-4.645576517475389,-4.4027154441841905,0.0,0.0,0.0
159,ilrma,2,10,2,0.6346562499999999,1.0,0,1981297353,50,1,0.22405828351078097,-6.662276814500994,-0.12993684333412014,-2.0167002970256056,4.272778600850071,0.5
160,ilrma-t-IP,2,10,2,0.6346562499999999,1.0,0,410361373,0,0,0.0,-4.986663392696496,-4.668292730405142,0.0,0.0,0.0
161,ilrma-t-IP,2,10,2,0.6346562499999999,1.0,0,410361373,50,1,1.010470121988975,-0.9148978723477349,2.28895096255701,4.071765520348761,6.957243692962152,1.0
162,ilrma,2,10,2,0.6346562499999999,1.0,0,410361373,0,0,0.0,-4.986663392696496,-4.668292730405142,0.0,0.0,0.0
163,ilrma,2,10,2,0.6346562499999999,1.0,0,410361373,50,1,0.23391692860240781,-1.8432518021054844,2.0393109827821103,3.143411590591011,6.707603713187252,0.5
164,ilrma-t-IP,2,10,2,0.6346562499999999,1.0,0,1358822685,0,0,0.0,-4.858397417185794,-4.6063093420073,0.0,0.0,0.0
165,ilrma-t-IP,2,10,2,0.6346562499999999,1.0,0,1358822685,50,1,0.9756486294422212,-2.4688878217790986,1.8599338121226328,2.389509595406696,6.466243154129932,0.5
166,ilrma,2,10,2,0.6346562499999999,1.0,0,1358822685,0,0,0.0,-4.858397417185794,-4.6063093420073,0.0,0.0,0.0
167,ilrma,2,10,2,0.6346562499999999,1.0,0,1358822685,50,1,0.6826497505650124,-6.552800005397204,1.625313962097756,-1.6944025882114095,6.231623304105057,0.5
168,ilrma-t-IP,2,10,2,0.6346562499999999,1.0,0,1282922662,0,0,0.0,-4.806915735646093,-4.516105287181707,0.0,0.0,0.0
169,ilrma-t-IP,2,10,2,0.6346562499999999,1.0,0,1282922662,50,1,2.6826303346890072,-2.7267971304602168,0.6261895201652388,2.080118605185876,5.142294807346946,0.5
170,ilrma,2,10,2,0.6346562499999999,1.0,0,1282922662,0,0,0.0,-4.806915735646093,-4.516105287181707,0.0,0.0,0.0
171,ilrma,2,10,2,0.6346562499999999,1.0,0,1282922662,50,1,0.7479705135380406,-3.226417130444065,0.7311199563135975,1.5804986052020282,5.247225243495305,0.5
172,ilrma-t-IP,2,10,2,0.6346562499999999,1.0,10,290876773,0,0,0.0,-1.216962260381429,-0.6186927550918814,0.0,0.0,0.0
173,ilrma-t-IP,2,10,2,0.6346562499999999,1.0,10,290876773,50,1,2.7648978073901946,5.87768637776857,11.660207803875771,7.094648638149999,12.278900558967653,1.0
174,ilrma,2,10,2,0.6346562499999999,1.0,10,290876773,0,0,0.0,-1.216962260381429,-0.6186927550918814,0.0,0.0,0.0
175,ilrma,2,10,2,0.6346562499999999,1.0,10,290876773,50,1,0.7999609181209671,5.3005969717949055,10.820528885656568,6.5175592321763345,11.43922164074845,1.0
176,ilrma-t-IP,2,10,2,0.6346562499999999,1.0,0,1959836417,0,0,0.0,-4.913379214073933,-4.579261182661502,0.0,0.0,0.0
177,ilrma-t-IP,2,10,2,0.6346562499999999,1.0,0,1959836417,50,1,2.5884896216203472,-0.6527097104759754,2.364824126276478,4.260669503597958,6.94408530893798,1.0
178,ilrma,2,10,2,0.6346562499999999,1.0,0,1959836417,0,0,0.0,-4.913379214073933,-4.579261182661502,0.0,0.0,0.0
179,ilrma,2,10,2,0.6346562499999999,1.0,0,1959836417,50,1,0.7287809299503856,-1.363468148705349,2.553677488658965,3.549911065368584,7.132938671320467,0.5
180,ilrma-t-IP,2,10,2,0.6346562499999999,1.0,10,665605494,0,0,0.0,-0.9472502787999131,-0.5863050523062573,0.0,0.0,0.0
181,ilrma-t-IP,2,10,2,0.6346562499999999,1.0,10,665605494,50,1,2.809359156289268,7.122922831787289,12.265622570030096,8.070173110587202,12.851927622336355,1.0
182,ilrma,2,10,2,0.6346562499999999,1.0,10,665605494,0,0,0.0,-0.9472502787999131,-0.5863050523062573,0.0,0.0,0.0
183,ilrma,2,10,2,0.6346562499999999,1.0,10,665605494,50,1,0.7388474484064896,7.039545231002734,11.640117083915307,7.986795509802647,12.226422136221561,1.0
184,ilrma-t-IP,2,10,2,0.6346562499999999,1.0,0,1251993226,0,0,0.0,-4.862557832154721,-4.63545072573919,0.0,0.0,0.0
185,ilrma-t-IP,2,10,2,0.6346562499999999,1.0,0,1251993226,50,1,2.6410787873933863,-0.8758356160350633,2.188579125200824,3.986722216119658,6.824029850940014,1.0
186,ilrma,2,10,2,0.6346562499999999,1.0,0,1251993226,0,0,0.0,-4.862557832154721,-4.63545072573919,0.0,0.0,0.0
187,ilrma,2,10,2,0.6346562499999999,1.0,0,1251993226,50,1,0.7706614369811878,-0.6827667904118316,2.4947766048058493,4.17979104174289,7.130227330545038,0.5
188,ilrma-t-IP,2,10,2,0.6346562499999999,1.0,0,170765737,0,0,0.0,-4.999620191765199,-4.687514224982847,0.0,0.0,0.0
189,ilrma-t-IP,2,10,2,0.6346562499999999,1.0,0,170765737,50,1,2.762467589418613,-0.9093484664208166,2.0142586220671848,4.090271725344381,6.701772847050031,1.0
190,ilrma,2,10,2,0.6346562499999999,1.0,0,170765737,0,0,0.0,-4.999620191765199,-4.687514224982847,0.0,0.0,0.0
191,ilrma,2,10,2,0.6346562499999999,1.0,0,170765737,50,1,0.8079158133990474,-1.986670523725904,4.101695452545345,3.012949668039295,8.789209677528191,0.5
192,ilrma-t-IP,2,10,2,0.6346562499999999,1.0,0,561383553,0,0,0.0,-4.858099781047739,-4.487529445997839,0.0,0.0,0.0
193,ilrma-t-IP,2,10,2,0.6346562499999999,1.0,0,561383553,50,1,2.667653809182353,-3.0509767796316183,0.8189944575150044,1.8071230014161206,5.3065239035128435,0.5
194,ilrma,2,10,2,0.6346562499999999,1.0,0,561383553,0,0,0.0,-4.858099781047739,-4.487529445997839,0.0,0.0,0.0
195,ilrma,2,10,2,0.6346562499999999,1.0,0,561383553,50,1,0.8090532035060444,-5.863353118349648,3.076097236870784,-1.0052533373019097,7.563626682868623,0.5
196,ilrma-t-IP,2,10,2,0.6346562499999999,1.0,0,1983958385,0,0,0.0,-4.9318492327864245,-4.643593782283206,0.0,0.0,0.0
197,ilrma-t-IP,2,10,2,0.6346562499999999,1.0,0,1983958385,50,1,2.633947148498142,-1.5152075083443113,1.973035994310054,3.4166417244421137,6.6166297765932605,0.5
198,ilrma,2,10,2,0.6346562499999999,1.0,0,1983958385,0,0,0.0,-4.9318492327864245,-4.643593782283206,0.0,0.0,0.0
199,ilrma,2,10,2,0.6346562499999999,1.0,0,1983958385,50,1,0.7389574933679001,-5.156587127376347,2.0305292600157947,-0.22473789458992188,6.674123042299001,0.5
200,ilrma-t-IP,2,10,2,0.6346562499999999,1.0,10,1282922662,0,0,0.0,-0.8840147935962367,-0.5706973807375215,0.0,0.0,0.0
201,ilrma-t-IP,2,10,2,0.6346562499999999,1.0,10,1282922662,50,1,2.71386918398567,4.867723142888414,10.6598013293446,5.751737936484651,11.23049871008212,1.0
202,ilrma,2,10,2,0.6346562499999999,1.0,10,1282922662,0,0,0.0,-0.8840147935962367,-0.5706973807375215,0.0,0.0,0.0
203,ilrma,2,10,2,0.6346562499999999,1.0,10,1282922662,50,1,0.8120881708394024,5.415968861588768,11.094718025767971,6.299983655185005,11.665415406505492,1.0
204,ilrma-t-IP,2,10,2,0.6346562499999999,1.0,0,665605494,0,0,0.0,-4.809949884091865,-4.501051207204352,0.0,0.0,0.0
205,ilrma-t-IP,2,10,2,0.6346562499999999,1.0,0,665605494,50,1,2.6727874147697945,-1.9327465214483506,2.0370559016525336,2.8772033626435145,6.5381071088568845,0.5
206,ilrma,2,10,2,0.6346562499999999,1.0,0,665605494,0,0,0.0,-4.809949884091865,-4.501051207204352,0.0,0.0,0.0
207,ilrma,2,10,2,0.6346562499999999,1.0,0,665605494,50,1,0.7422898658781641,-5.335759310271199,1.0749581107440278,-0.5258094261793342,5.57600931794838,0.5
208,ilrma-t-IP,2,10,2,0.6346562499999999,1.0,10,137773602,0,0,0.0,-0.8799326425214543,-0.4946043183856725,0.0,0.0,0.0
209,ilrma-t-IP,2,10,2,0.6346562499999999,1.0,10,137773602,50,1,2.7798515298231155,3.8450935766067165,9.551515678744614,4.725026219128171,10.046119997130287,1.0
210,ilrma,2,10,2,0.6346562499999999,1.0,10,137773602,0,0,0.0,-0.8799326425214543,-0.4946043183856725,0.0,0.0,0.0
211,ilrma,2,10,2,0.6346562499999999,1.0,10,137773602,50,1,0.8198348514029977,4.070122700315688,11.102783220684437,4.9500553428371425,11.597387539070109,1.0
212,ilrma-t-IP,2,10,2,0.6346562499999999,1.0,0,671780907,0,0,0.0,-4.796467650861252,-4.509278071139583,0.0,0.0,0.0
213,ilrma-t-IP,2,10,2,0.6346562499999999,1.0,0,671780907,50,1,2.916876745325288,-1.6379956660704433,1.4844681780381734,3.1584719847908085,5.9937462491777564,1.0
214,ilrma,2,10,2,0.6346562499999999,1.0,0,671780907,0,0,0.0,-4.796467650861252,-4.509278071139583,0.0,0.0,0.0
215,ilrma,2,10,2,0.6346562499999999,1.0,0,671780907,50,1,0.7866263647768927,-4.896926303194075,-0.5654553986621412,-0.10045865233282347,3.9438226724774417,0.5
216,ilrma-t-IP,2,10,2,0.6346562499999999,1.0,0,657890619,0,0,0.0,-4.7849434269711235,-4.541053000666819,0.0,0.0,0.0
217,ilrma-t-IP,2,10,2,0.6346562499999999,1.0,0,657890619,50,1,2.7480173583965484,-3.3737784181711072,0.43838859870641034,1.4111650088000158,4.97944159937323,0.5
218,ilrma,2,10,2,0.6346562499999999,1.0,0,657890619,0,0,0.0,-4.7849434269711235,-4.541053000666819,0.0,0.0,0.0
219,ilrma,2,10,2,0.6346562499999999,1.0,0,657890619,50,1,0.45426993065892063,-7.604594563923488,-2.308577477697454,-2.819651136952365,2.2324755229693647,0.0
220,ilrma-t-IP,2,10,2,0.6346562499999999,1.0,10,1358822685,0,0,0.0,-0.9632922500799506,-0.7113810661213666,0.0,0.0,0.0
221,ilrma-t-IP,2,10,2,0.6346562499999999,1.0,10,1358822685,50,1,1.68447099020649,6.7518101567312865,11.72778201829496,7.715102406811237,12.439163084416325,1.0
222,ilrma,2,10,2,0.6346562499999999,1.0,10,1358822685,0,0,0.0,-0.9632922500799506,-0.7113810661213666,0.0,0.0,0.0
223,ilrma,2,10,2,0.6346562499999999,1.0,10,1358822685,50,1,0.46933549095091365,5.924851259491889,10.949414037731803,6.888143509571839,11.660795103853168,1.0
224,ilrma-t-IP,2,10,2,0.6346562499999999,1.0,0,36027469,0,0,0.0,-4.972287099594979,-4.7163718753404105,0.0,0.0,0.0
225,ilrma-t-IP,2,10,2,0.6346562499999999,1.0,0,36027469,50,1,1.23866168720467,-2.722284051102096,0.5815432820104491,2.2500030484928835,5.297915157350859,1.0
226,ilrma,2,10,2,0.6346562499999999,1.0,0,36027469,0,0,0.0,-4.972287099594979,-4.7163718753404105,0.0,0.0,0.0
227,ilrma,2,10,2,0.6346562499999999,1.0,0,36027469,50,1,0.23761795901555688,-4.84841731534123,-4.292681768491498,0.12386978425374995,0.4236901068489123,0.0
228,ilrma-t-IP,2,10,2,0.6346562499999999,1.0,10,170765737,0,0,0.0,-0.9451749932424687,-0.5619595067971326,0.0,0.0,0.0
229,ilrma-t-IP,2,10,2,0.6346562499999999,1.0,10,170765737,50,1,1.0284067372010028,7.126195149615487,11.987973483418783,8.071370142857955,12.549932990215915,1.0
230,ilrma,2,10,2,0.6346562499999999,1.0,10,170765737,0,0,0.0,-0.9451749932424687,-0.5619595067971326,0.0,0.0,0.0
231,ilrma,2,10,2,0.6346562499999999,1.0,10,170765737,50,1,0.24416848190626067,7.062725461555566,11.509098838151171,8.007900454798033,12.071058344948305,1.0
232,ilrma-t-IP,2,10,2,0.6346562499999999,1.0,10,36027469,0,0,0.0,-1.0252581534470329,-0.7501603858126491,0.0,0.0,0.0
233,ilrma-t-IP,2,10,2,0.6346562499999999,1.0,10,36027469,50,1,0.9559584526138942,5.53579088106518,10.938041443999406,6.561049034512214,11.688201829812055,1.0
234,ilrma,2,10,2,0.6346562499999999,1.0,10,36027469,0,0,0.0,-1.0252581534470329,-0.7501603858126491,0.0,0.0,0.0
235,ilrma,2,10,2,0.6346562499999999,1.0,10,36027469,50,1,0.23391028730304092,5.217969787016175,10.411069474985101,6.243227940463208,11.16122986079775,1.0
236,ilrma-t-IP,2,10,2,0.6346562499999999,1.0,10,1063926992,0,0,0.0,-1.0174129885542873,-0.7208482459150707,0.0,0.0,0.0
237,ilrma-t-IP,2,10,2,0.6346562499999999,1.0,10,1063926992,50,1,0.9923090570989499,5.600625034727735,11.303437762384501,6.618038023282023,12.024286008299573,1.0
238,ilrma,2,10,2,0.6346562499999999,1.0,10,1063926992,0,0,0.0,-1.0174129885542873,-0.7208482459150707,0.0,0.0,0.0
239,ilrma,2,10,2,0.6346562499999999,1.0,10,1063926992,50,1,0.2321858959767851,5.104234850771566,10.683413645088542,6.1216478393258535,11.404261891003612,1.0
