,Algorithm,Sources,Interferers,Mics,RT60,Distance,SINR,seed,Iteration,Iteration_Index,Runtime [s],SI-SDR [dB],SI-SIR [dB],Î”SI-SDR [dB],Î”SI-SIR [dB],Success
0,ilrma-t-IP,3,10,3,0.6344375,1.0,30,820115077,0,0,0.0,-3.2729460877967274,-2.7132971272834285,0.0,0.0,0.0
1,ilrma-t-IP,3,10,3,0.6344375,1.0,30,820115077,100,1,10.686770589233117,5.374041999752392,16.13319772436364,8.646988087549119,18.84649485164707,1.0
2,ilrma-t-iss-seq,3,10,3,0.6344375,1.0,30,820115077,0,0,0.0,-3.2729460877967274,-2.7132971272834285,0.0,0.0,0.0
3,ilrma-t-iss-seq,3,10,3,0.6344375,1.0,30,820115077,100,1,13.64465060835505,7.443606977091225,19.01716147951153,10.716553064887952,21.730458606794958,1.0
4,ilrma-t-iss-joint,3,10,3,0.6344375,1.0,30,820115077,0,0,0.0,-3.2729460877967274,-2.7132971272834285,0.0,0.0,0.0
5,ilrma-t-iss-joint,3,10,3,0.6344375,1.0,30,820115077,100,1,15.724307647231175,7.443606977091225,19.01716147951153,10.716553064887952,21.730458606794958,1.0
6,ilrma,3,10,3,0.6344375,1.0,30,820115077,0,0,0.0,-3.2729460877967274,-2.7132971272834285,0.0,0.0,0.0
7,ilrma,3,10,3,0.6344375,1.0,30,820115077,100,1,3.066472632504203,7.7709229050737845,19.10372724686665,11.04386899287051,21.817024374150076,1.0
8,ilrma-t-IP,3,10,3,0.6344375,1.0,30,1251993226,0,0,0.0,-3.2744095650913487,-2.7960424569025792,0.0,0.0,0.0
9,ilrma-t-IP,3,10,3,0.6344375,1.0,30,1251993226,100,1,10.759870700091762,7.676865619549346,19.789134833040322,10.951275184640698,22.5851772899429,1.0
10,ilrma-t-iss-seq,3,10,3,0.6344375,1.0,30,1251993226,0,0,0.0,-3.2744095650913487,-2.7960424569025792,0.0,0.0,0.0
11,ilrma-t-iss-seq,3,10,3,0.6344375,1.0,30,1251993226,100,1,13.669139591156899,7.678632610278258,19.792843472730343,10.953042175369605,22.58888592963292,1.0
12,ilrma-t-iss-joint,3,10,3,0.6344375,1.0,30,1251993226,0,0,0.0,-3.2744095650913487,-2.7960424569025792,0.0,0.0,0.0
13,ilrma-t-iss-joint,3,10,3,0.6344375,1.0,30,1251993226,100,1,15.727255193047665,7.678632610278258,19.792843472730343,10.953042175369605,22.58888592963292,1.0
14,ilrma,3,10,3,0.6344375,1.0,30,1251993226,0,0,0.0,-3.2744095650913487,-2.7960424569025792,0.0,0.0,0.0
15,ilrma,3,10,3,0.6344375,1.0,30,1251993226,100,1,3.0906025677999445,7.6902618474111994,19.332549902994604,10.964671412502549,22.128592359897183,1.0
16,ilrma-t-IP,3,10,3,0.6344375,1.0,30,36027469,0,0,0.0,-3.2404336785442776,-2.8102424716974466,0.0,0.0,0.0
17,ilrma-t-IP,3,10,3,0.6344375,1.0,30,36027469,100,1,10.803217086240796,6.0909441969572855,18.108947021344335,9.331377875501564,20.91918949304178,1.0
18,ilrma-t-iss-seq,3,10,3,0.6344375,1.0,30,36027469,0,0,0.0,-3.2404336785442776,-2.8102424716974466,0.0,0.0,0.0
19,ilrma-t-iss-seq,3,10,3,0.6344375,1.0,30,36027469,100,1,13.69836691931069,8.084501754962014,20.70504188560494,11.324935433506292,23.51528435730238,1.0
20,ilrma-t-iss-joint,3,10,3,0.6344375,1.0,30,36027469,0,0,0.0,-3.2404336785442776,-2.8102424716974466,0.0,0.0,0.0
21,ilrma-t-iss-joint,3,10,3,0.6344375,1.0,30,36027469,100,1,15.773179320713979,8.084501754962014,20.70504188560494,11.324935433506292,23.51528435730238,1.0
22,ilrma,3,10,3,0.6344375,1.0,30,36027469,0,0,0.0,-3.2404336785442776,-2.8102424716974466,0.0,0.0,0.0
23,ilrma,3,10,3,0.6344375,1.0,30,36027469,100,1,3.0822337083156595,6.26739898386965,18.186582096886056,9.507832662413927,20.996824568583506,1.0
24,ilrma-t-IP,3,10,3,0.6344375,1.0,30,1819941518,0,0,0.0,-3.209256189891929,-2.5956487903295113,0.0,0.0,0.0
25,ilrma-t-IP,3,10,3,0.6344375,1.0,30,1819941518,100,1,10.789582128040221,6.890764475094645,18.87702729014209,10.100020664986575,21.4726760804716,1.0
26,ilrma-t-iss-seq,3,10,3,0.6344375,1.0,30,1819941518,0,0,0.0,-3.209256189891929,-2.5956487903295113,0.0,0.0,0.0
27,ilrma-t-iss-seq,3,10,3,0.6344375,1.0,30,1819941518,100,1,13.750008531902097,6.3403376571666,17.797012994878724,9.54959384705853,20.392661785208233,1.0
28,ilrma-t-iss-joint,3,10,3,0.6344375,1.0,30,1819941518,0,0,0.0,-3.209256189891929,-2.5956487903295113,0.0,0.0,0.0
29,ilrma-t-iss-joint,3,10,3,0.6344375,1.0,30,1819941518,100,1,15.814466318111013,6.3403376571666,17.797012994878724,9.54959384705853,20.392661785208233,1.0
30,ilrma,3,10,3,0.6344375,1.0,30,1819941518,0,0,0.0,-3.209256189891929,-2.5956487903295113,0.0,0.0,0.0
31,ilrma,3,10,3,0.6344375,1.0,30,1819941518,100,1,3.0698073011613327,8.164030881398874,19.813160230383662,11.373287071290802,22.408809020713175,1.0
32,ilrma-t-IP,3,10,3,0.6344375,1.0,30,1402032510,0,0,0.0,-3.2681690251275612,-2.6247265407541343,0.0,0.0,0.0
33,ilrma-t-IP,3,10,3,0.6344375,1.0,30,1402032510,100,1,10.818591432008143,8.059885968694052,20.444532765355273,11.328054993821615,23.069259306109405,1.0
34,ilrma-t-iss-seq,3,10,3,0.6344375,1.0,30,1402032510,0,0,0.0,-3.2681690251275612,-2.6247265407541343,0.0,0.0,0.0
35,ilrma-t-iss-seq,3,10,3,0.6344375,1.0,30,1402032510,100,1,13.775628516793633,4.845153427471776,16.203390433500445,8.113322452599338,18.82811697425458,1.0
36,ilrma-t-iss-joint,3,10,3,0.6344375,1.0,30,1402032510,0,0,0.0,-3.2681690251275612,-2.6247265407541343,0.0,0.0,0.0
37,ilrma-t-iss-joint,3,10,3,0.6344375,1.0,30,1402032510,100,1,15.826673028405763,4.845153427471776,16.203390433500445,8.113322452599338,18.82811697425458,1.0
38,ilrma,3,10,3,0.6344375,1.0,30,1402032510,0,0,0.0,-3.2681690251275612,-2.6247265407541343,0.0,0.0,0.0
39,ilrma,3,10,3,0.6344375,1.0,30,1402032510,100,1,3.0528639422632176,2.9315648270327324,11.867256140032088,6.199733852160295,14.491982680786224,1.0
40,ilrma-t-IP,3,10,3,0.6344375,1.0,30,1598483384,0,0,0.0,-3.2487997678137934,-2.6036266315969043,0.0,0.0,0.0
41,ilrma-t-IP,3,10,3,0.6344375,1.0,30,1598483384,100,1,10.825031371460296,7.9536136151930705,20.080517741403284,11.202413383006864,22.68414437300019,1.0
42,ilrma-t-iss-seq,3,10,3,0.6344375,1.0,30,1598483384,0,0,0.0,-3.2487997678137934,-2.6036266315969043,0.0,0.0,0.0
43,ilrma-t-iss-seq,3,10,3,0.6344375,1.0,30,1598483384,100,1,13.840247658708126,7.944541947090774,20.08779529622302,11.193341714904568,22.69142192781992,1.0
44,ilrma-t-iss-joint,3,10,3,0.6344375,1.0,30,1598483384,0,0,0.0,-3.2487997678137934,-2.6036266315969043,0.0,0.0,0.0
45,ilrma-t-iss-joint,3,10,3,0.6344375,1.0,30,1598483384,100,1,15.822400802023564,7.944541947090774,20.08779529622302,11.193341714904568,22.69142192781992,1.0
46,ilrma,3,10,3,0.6344375,1.0,30,1598483384,0,0,0.0,-3.2487997678137934,-2.6036266315969043,0.0,0.0,0.0
47,ilrma,3,10,3,0.6344375,1.0,30,1598483384,100,1,3.044728157196617,4.720293734568318,15.164077278315354,7.969093502382113,17.767703909912257,1.0
48,ilrma-t-IP,3,10,3,0.6344375,1.0,30,1995074678,0,0,0.0,-3.16257952252888,-2.7467553959843127,0.0,0.0,0.0
49,ilrma-t-IP,3,10,3,0.6344375,1.0,30,1995074678,100,1,10.816220611799544,6.433428868080614,18.08807468317031,9.596008390609493,20.83483007915462,1.0
50,ilrma-t-iss-seq,3,10,3,0.6344375,1.0,30,1995074678,0,0,0.0,-3.16257952252888,-2.7467553959843127,0.0,0.0,0.0
51,ilrma-t-iss-seq,3,10,3,0.6344375,1.0,30,1995074678,100,1,13.743387904351378,6.454786116737071,18.186515928321715,9.61736563926595,20.933271324306023,1.0
52,ilrma-t-iss-joint,3,10,3,0.6344375,1.0,30,1995074678,0,0,0.0,-3.16257952252888,-2.7467553959843127,0.0,0.0,0.0
53,ilrma-t-iss-joint,3,10,3,0.6344375,1.0,30,1995074678,100,1,15.819435719408093,6.454786116737071,18.186515928321715,9.61736563926595,20.933271324306023,1.0
54,ilrma,3,10,3,0.6344375,1.0,30,1995074678,0,0,0.0,-3.16257952252888,-2.7467553959843127,0.0,0.0,0.0
55,ilrma,3,10,3,0.6344375,1.0,30,1995074678,100,1,3.051594944595665,7.811440950932481,19.80406612559131,10.97402047346136,22.550821521575624,1.0
56,ilrma-t-IP,3,10,3,0.6344375,1.0,30,1983958385,0,0,0.0,-3.202343065390576,-2.5550416447100237,0.0,0.0,0.0
57,ilrma-t-IP,3,10,3,0.6344375,1.0,30,1983958385,100,1,10.71210308213104,5.21430847274251,15.80816020326732,8.416651538133086,18.363201847977347,1.0
58,ilrma-t-iss-seq,3,10,3,0.6344375,1.0,30,1983958385,0,0,0.0,-3.202343065390576,-2.5550416447100237,0.0,0.0,0.0
59,ilrma-t-iss-seq,3,10,3,0.6344375,1.0,30,1983958385,100,1,13.60821328932859,7.410039727401373,18.870832946242057,10.61238279279195,21.42587459095208,1.0
60,ilrma-t-iss-joint,3,10,3,0.6344375,1.0,30,1983958385,0,0,0.0,-3.202343065390576,-2.5550416447100237,0.0,0.0,0.0
61,ilrma-t-iss-joint,3,10,3,0.6344375,1.0,30,1983958385,100,1,15.704645086865664,7.410039727401373,18.870832946242057,10.61238279279195,21.42587459095208,1.0
62,ilrma,3,10,3,0.6344375,1.0,30,1983958385,0,0,0.0,-3.202343065390576,-2.5550416447100237,0.0,0.0,0.0
63,ilrma,3,10,3,0.6344375,1.0,30,1983958385,100,1,3.061413051826366,0.3342791021097778,8.148233576625486,3.536622167500354,10.70327522133551,1.0
64,ilrma-t-IP,3,10,3,0.6344375,1.0,30,1850339311,0,0,0.0,-3.2227374930645154,-2.670834825569249,0.0,0.0,0.0
65,ilrma-t-IP,3,10,3,0.6344375,1.0,30,1850339311,100,1,11.098598075321554,6.186912452225879,17.916043244375818,9.409649945290395,20.586878069945065,1.0
66,ilrma-t-iss-seq,3,10,3,0.6344375,1.0,30,1850339311,0,0,0.0,-3.2227374930645154,-2.670834825569249,0.0,0.0,0.0
67,ilrma-t-iss-seq,3,10,3,0.6344375,1.0,30,1850339311,100,1,14.423362789549977,7.424561186679509,19.654387117274826,10.647298679744024,22.325221942844077,1.0
68,ilrma-t-iss-joint,3,10,3,0.6344375,1.0,30,1850339311,0,0,0.0,-3.2227374930645154,-2.670834825569249,0.0,0.0,0.0
69,ilrma-t-iss-joint,3,10,3,0.6344375,1.0,30,1850339311,100,1,13.370305295950164,7.424561186679509,19.654387117274826,10.647298679744024,22.325221942844077,1.0
70,ilrma,3,10,3,0.6344375,1.0,30,1850339311,0,0,0.0,-3.2227374930645154,-2.670834825569249,0.0,0.0,0.0
71,ilrma,3,10,3,0.6344375,1.0,30,1850339311,100,1,2.5471686992998337,6.702077431172209,18.209927642378833,9.924814924236724,20.880762467948085,1.0
72,ilrma-t-IP,3,10,3,0.6344375,1.0,30,2008322435,0,0,0.0,-3.2530102653474304,-2.663391586105048,0.0,0.0,0.0
73,ilrma-t-IP,3,10,3,0.6344375,1.0,30,2008322435,100,1,10.972052703734272,7.887547319669977,20.4479544181788,11.14055758501741,23.11134600428385,1.0
74,ilrma-t-iss-seq,3,10,3,0.6344375,1.0,30,2008322435,0,0,0.0,-3.2530102653474304,-2.663391586105048,0.0,0.0,0.0
75,ilrma-t-iss-seq,3,10,3,0.6344375,1.0,30,2008322435,100,1,14.347951657401053,7.915695445787978,20.49211485365694,11.168705711135408,23.15550643976199,1.0
76,ilrma-t-iss-joint,3,10,3,0.6344375,1.0,30,2008322435,0,0,0.0,-3.2530102653474304,-2.663391586105048,0.0,0.0,0.0
77,ilrma-t-iss-joint,3,10,3,0.6344375,1.0,30,2008322435,100,1,13.31300446754209,7.915695445787978,20.49211485365694,11.168705711135408,23.15550643976199,1.0
78,ilrma,3,10,3,0.6344375,1.0,30,2008322435,0,0,0.0,-3.2530102653474304,-2.663391586105048,0.0,0.0,0.0
79,ilrma,3,10,3,0.6344375,1.0,30,2008322435,100,1,2.5504192210716043,7.883151450329186,19.624853605567733,11.136161715676616,22.288245191672775,1.0
80,ilrma-t-IP,3,10,3,0.6344375,1.0,30,1459942077,0,0,0.0,-3.293599627511315,-2.7910354853009625,0.0,0.0,0.0
81,ilrma-t-IP,3,10,3,0.6344375,1.0,30,1459942077,100,1,11.176905640005245,4.514156023894118,15.025848620358017,7.807755651405433,17.816884105658982,1.0
82,ilrma-t-iss-seq,3,10,3,0.6344375,1.0,30,1459942077,0,0,0.0,-3.293599627511315,-2.7910354853009625,0.0,0.0,0.0
83,ilrma-t-iss-seq,3,10,3,0.6344375,1.0,30,1459942077,100,1,14.465425054178915,8.270857709086359,20.676482544825525,11.564457336597675,23.467518030126488,1.0
84,ilrma-t-iss-joint,3,10,3,0.6344375,1.0,30,1459942077,0,0,0.0,-3.293599627511315,-2.7910354853009625,0.0,0.0,0.0
85,ilrma-t-iss-joint,3,10,3,0.6344375,1.0,30,1459942077,100,1,13.316905744892523,8.270857709086359,20.676482544825525,11.564457336597675,23.467518030126488,1.0
86,ilrma,3,10,3,0.6344375,1.0,30,1459942077,0,0,0.0,-3.293599627511315,-2.7910354853009625,0.0,0.0,0.0
87,ilrma,3,10,3,0.6344375,1.0,30,1459942077,100,1,2.498788015085257,6.234890233316311,17.85557734671258,9.528489860827627,20.646612832013542,1.0
88,ilrma-t-IP,3,10,3,0.6344375,1.0,30,1282922662,0,0,0.0,-3.238616047618498,-2.744689873629941,0.0,0.0,0.0
89,ilrma-t-IP,3,10,3,0.6344375,1.0,30,1282922662,100,1,11.142490032313038,7.851791830488522,20.311011191857634,11.09040787810702,23.05570106548758,1.0
90,ilrma-t-iss-seq,3,10,3,0.6344375,1.0,30,1282922662,0,0,0.0,-3.238616047618498,-2.744689873629941,0.0,0.0,0.0
91,ilrma-t-iss-seq,3,10,3,0.6344375,1.0,30,1282922662,100,1,14.439844644440846,5.658343916721972,16.688933562573553,8.89695996434047,19.433623436203494,1.0
92,ilrma-t-iss-joint,3,10,3,0.6344375,1.0,30,1282922662,0,0,0.0,-3.238616047618498,-2.744689873629941,0.0,0.0,0.0
93,ilrma-t-iss-joint,3,10,3,0.6344375,1.0,30,1282922662,100,1,13.171393798055044,5.658343916721972,16.688933562573553,8.89695996434047,19.433623436203494,1.0
94,ilrma,3,10,3,0.6344375,1.0,30,1282922662,0,0,0.0,-3.238616047618498,-2.744689873629941,0.0,0.0,0.0
95,ilrma,3,10,3,0.6344375,1.0,30,1282922662,100,1,2.5274028734701504,7.120849076623422,19.21431447209525,10.35946512424192,21.95900434572519,1.0
96,ilrma-t-IP,3,10,3,0.6344375,1.0,30,216844123,0,0,0.0,-3.2871866173380155,-2.8176193056451453,0.0,0.0,0.0
97,ilrma-t-IP,3,10,3,0.6344375,1.0,30,216844123,100,1,11.031945415712483,5.939581597366441,17.543517057700132,9.226768214704457,20.36113636334528,1.0
98,ilrma-t-iss-seq,3,10,3,0.6344375,1.0,30,216844123,0,0,0.0,-3.2871866173380155,-2.8176193056451453,0.0,0.0,0.0
99,ilrma-t-iss-seq,3,10,3,0.6344375,1.0,30,216844123,100,1,14.441781178629528,6.127851769661032,17.68493602200643,9.415038386999049,20.502555327651578,1.0
100,ilrma-t-iss-joint,3,10,3,0.6344375,1.0,30,216844123,0,0,0.0,-3.2871866173380155,-2.8176193056451453,0.0,0.0,0.0
101,ilrma-t-iss-joint,3,10,3,0.6344375,1.0,30,216844123,100,1,13.257287347813678,6.127851769661032,17.68493602200643,9.415038386999049,20.502555327651578,1.0
102,ilrma,3,10,3,0.6344375,1.0,30,216844123,0,0,0.0,-3.2871866173380155,-2.8176193056451453,0.0,0.0,0.0
103,ilrma,3,10,3,0.6344375,1.0,30,216844123,100,1,2.5236895190950825,6.8369343861952805,18.622256791314097,10.124121003533295,21.439876096959242,1.0
104,ilrma-t-IP,3,10,3,0.6344375,1.0,30,960721249,0,0,0.0,-3.165169370142604,-2.8043360585835373,0.0,0.0,0.0
105,ilrma-t-IP,3,10,3,0.6344375,1.0,30,960721249,100,1,11.094615910913697,8.07783350937468,20.6487715955699,11.243002879517284,23.45310765415344,1.0
106,ilrma-t-iss-seq,3,10,3,0.6344375,1.0,30,960721249,0,0,0.0,-3.165169370142604,-2.8043360585835373,0.0,0.0,0.0
107,ilrma-t-iss-seq,3,10,3,0.6344375,1.0,30,960721249,100,1,14.494678573631933,8.073036395429243,20.645854463887947,11.238205765571847,23.450190522471484,1.0
108,ilrma-t-iss-joint,3,10,3,0.6344375,1.0,30,960721249,0,0,0.0,-3.165169370142604,-2.8043360585835373,0.0,0.0,0.0
109,ilrma-t-iss-joint,3,10,3,0.6344375,1.0,30,960721249,100,1,13.335852014313032,8.073036395429243,20.645854463887947,11.238205765571847,23.450190522471484,1.0
110,ilrma,3,10,3,0.6344375,1.0,30,960721249,0,0,0.0,-3.165169370142604,-2.8043360585835373,0.0,0.0,0.0
111,ilrma,3,10,3,0.6344375,1.0,30,960721249,100,1,2.4993653525819113,8.03071488912949,20.318639633445382,11.195884259272097,23.122975692028916,1.0
112,ilrma-t-IP,3,10,3,0.6344375,1.0,30,1315268644,0,0,0.0,-3.156022700174691,-2.5222514945963037,0.0,0.0,0.0
113,ilrma-t-IP,3,10,3,0.6344375,1.0,30,1315268644,100,1,11.17479787504722,8.038816700828981,20.94954030252693,11.194839401003671,23.471791797123235,1.0
114,ilrma-t-iss-seq,3,10,3,0.6344375,1.0,30,1315268644,0,0,0.0,-3.156022700174691,-2.5222514945963037,0.0,0.0,0.0
115,ilrma-t-iss-seq,3,10,3,0.6344375,1.0,30,1315268644,100,1,14.51332950492301,6.389846707322469,18.723273717586366,9.54586940749716,21.24552521218267,1.0
116,ilrma-t-iss-joint,3,10,3,0.6344375,1.0,30,1315268644,0,0,0.0,-3.156022700174691,-2.5222514945963037,0.0,0.0,0.0
117,ilrma-t-iss-joint,3,10,3,0.6344375,1.0,30,1315268644,100,1,13.196131944455153,6.389846707322469,18.723273717586366,9.54586940749716,21.24552521218267,1.0
118,ilrma,3,10,3,0.6344375,1.0,30,1315268644,0,0,0.0,-3.156022700174691,-2.5222514945963037,0.0,0.0,0.0
119,ilrma,3,10,3,0.6344375,1.0,30,1315268644,100,1,2.4840654325080975,-0.18469558301445707,7.011689832822725,2.9713271171602336,9.53394132741903,1.0
120,ilrma-t-IP,3,10,3,0.6344375,1.0,30,1712592594,0,0,0.0,-3.239346255692285,-2.585218239394088,0.0,0.0,0.0
121,ilrma-t-IP,3,10,3,0.6344375,1.0,30,1712592594,100,1,11.178970348267917,4.514531881869064,15.072419526070012,7.753878137561348,17.6576377654641,1.0
122,ilrma-t-iss-seq,3,10,3,0.6344375,1.0,30,1712592594,0,0,0.0,-3.239346255692285,-2.585218239394088,0.0,0.0,0.0
123,ilrma-t-iss-seq,3,10,3,0.6344375,1.0,30,1712592594,100,1,14.566680396919002,1.1774166650528055,8.992208840739158,4.416762920745091,11.577427080133246,1.0
124,ilrma-t-iss-joint,3,10,3,0.6344375,1.0,30,1712592594,0,0,0.0,-3.239346255692285,-2.585218239394088,0.0,0.0,0.0
125,ilrma-t-iss-joint,3,10,3,0.6344375,1.0,30,1712592594,100,1,13.30651080424676,1.1774166650528055,8.992208840739158,4.416762920745091,11.577427080133246,1.0
126,ilrma,3,10,3,0.6344375,1.0,30,1712592594,0,0,0.0,-3.239346255692285,-2.585218239394088,0.0,0.0,0.0
127,ilrma,3,10,3,0.6344375,1.0,30,1712592594,100,1,2.4700728610089415,7.373519968723129,18.256899596296915,10.612866224415415,20.842117835691003,1.0
128,ilrma-t-IP,3,10,3,0.6344375,1.0,30,1959836417,0,0,0.0,-2.9786609915610547,-2.5816803935364554,0.0,0.0,0.0
129,ilrma-t-IP,3,10,3,0.6344375,1.0,30,1959836417,100,1,8.784250727487226,8.043498475017342,20.360120170615918,11.0221594665784,22.941800564152373,1.0
130,ilrma-t-iss-seq,3,10,3,0.6344375,1.0,30,1959836417,0,0,0.0,-2.9786609915610547,-2.5816803935364554,0.0,0.0,0.0
131,ilrma-t-iss-seq,3,10,3,0.6344375,1.0,30,1959836417,100,1,11.339711373782702,2.9688136400773257,12.58036842339971,5.947474631638381,15.162048816936164,1.0
132,ilrma-t-iss-joint,3,10,3,0.6344375,1.0,30,1959836417,0,0,0.0,-2.9786609915610547,-2.5816803935364554,0.0,0.0,0.0
133,ilrma-t-iss-joint,3,10,3,0.6344375,1.0,30,1959836417,100,1,12.949472764143021,2.9688136400773257,12.58036842339971,5.947474631638381,15.162048816936164,1.0
134,ilrma,3,10,3,0.6344375,1.0,30,1959836417,0,0,0.0,-2.9786609915610547,-2.5816803935364554,0.0,0.0,0.0
135,ilrma,3,10,3,0.6344375,1.0,30,1959836417,100,1,2.558635627211963,7.908320150883507,19.481147730065416,10.886981142444561,22.062828123601875,1.0
136,ilrma-t-IP,3,10,3,0.6344375,1.0,30,1888259215,0,0,0.0,-3.1492748322735924,-2.7894596709397987,0.0,0.0,0.0
137,ilrma-t-IP,3,10,3,0.6344375,1.0,30,1888259215,100,1,8.72038352133853,7.556850706804236,19.89506381165823,10.70612553907783,22.684523482598024,1.0
138,ilrma-t-iss-seq,3,10,3,0.6344375,1.0,30,1888259215,0,0,0.0,-3.1492748322735924,-2.7894596709397987,0.0,0.0,0.0
139,ilrma-t-iss-seq,3,10,3,0.6344375,1.0,30,1888259215,100,1,11.296918826477505,7.539900678730078,19.909854130409485,10.68917551100367,22.69931380134928,1.0
140,ilrma-t-iss-joint,3,10,3,0.6344375,1.0,30,1888259215,0,0,0.0,-3.1492748322735924,-2.7894596709397987,0.0,0.0,0.0
141,ilrma-t-iss-joint,3,10,3,0.6344375,1.0,30,1888259215,100,1,12.95909848182275,7.539900678730078,19.909854130409485,10.68917551100367,22.69931380134928,1.0
142,ilrma,3,10,3,0.6344375,1.0,30,1888259215,0,0,0.0,-3.1492748322735924,-2.7894596709397987,0.0,0.0,0.0
143,ilrma,3,10,3,0.6344375,1.0,30,1888259215,100,1,2.582221464204476,7.813859466714182,20.170170621429907,10.963134298987773,22.959630292369706,1.0
144,ilrma-t-IP,3,10,3,0.6344375,1.0,30,1063926992,0,0,0.0,-3.2433115775165824,-2.7710346825142067,0.0,0.0,0.0
145,ilrma-t-IP,3,10,3,0.6344375,1.0,30,1063926992,100,1,8.63459983653831,6.7695710135288065,18.99767336440156,10.012882591045388,21.768708046915766,1.0
146,ilrma-t-iss-seq,3,10,3,0.6344375,1.0,30,1063926992,0,0,0.0,-3.2433115775165824,-2.7710346825142067,0.0,0.0,0.0
147,ilrma-t-iss-seq,3,10,3,0.6344375,1.0,30,1063926992,100,1,11.338325856246241,7.834293579451934,20.236219290442193,11.077605156968517,23.007253972956402,1.0
148,ilrma-t-iss-joint,3,10,3,0.6344375,1.0,30,1063926992,0,0,0.0,-3.2433115775165824,-2.7710346825142067,0.0,0.0,0.0
149,ilrma-t-iss-joint,3,10,3,0.6344375,1.0,30,1063926992,100,1,12.891494582632976,7.834293579451934,20.236219290442193,11.077605156968517,23.007253972956402,1.0
150,ilrma,3,10,3,0.6344375,1.0,30,1063926992,0,0,0.0,-3.2433115775165824,-2.7710346825142067,0.0,0.0,0.0
151,ilrma,3,10,3,0.6344375,1.0,30,1063926992,100,1,2.5886545992875516,6.74003141686777,18.336408374470313,9.983342994384353,21.10744305698452,1.0
152,ilrma-t-IP,3,10,3,0.6344375,1.0,30,1398375548,0,0,0.0,-3.284107792028552,-2.823226638545719,0.0,0.0,0.0
153,ilrma-t-IP,3,10,3,0.6344375,1.0,30,1398375548,100,1,8.782118250088667,7.992476854105284,20.437626537251102,11.276584646133836,23.260853175796825,1.0
154,ilrma-t-iss-seq,3,10,3,0.6344375,1.0,30,1398375548,0,0,0.0,-3.284107792028552,-2.823226638545719,0.0,0.0,0.0
155,ilrma-t-iss-seq,3,10,3,0.6344375,1.0,30,1398375548,100,1,11.353378001202799,6.5557965418136375,18.50731824572618,9.839904333842188,21.330544884271898,1.0
156,ilrma-t-iss-joint,3,10,3,0.6344375,1.0,30,1398375548,0,0,0.0,-3.284107792028552,-2.823226638545719,0.0,0.0,0.0
157,ilrma-t-iss-joint,3,10,3,0.6344375,1.0,30,1398375548,100,1,12.852903563663268,6.5557965418136375,18.50731824572618,9.839904333842188,21.330544884271898,1.0
158,ilrma,3,10,3,0.6344375,1.0,30,1398375548,0,0,0.0,-3.284107792028552,-2.823226638545719,0.0,0.0,0.0
159,ilrma,3,10,3,0.6344375,1.0,30,1398375548,100,1,2.5757807645453115,1.436798355620959,9.971013704994178,4.720906147649511,12.794240343539897,1.0
160,ilrma-t-IP,3,10,3,0.6344375,1.0,30,457175121,0,0,0.0,-3.217199968016914,-2.730896993046272,0.0,0.0,0.0
161,ilrma-t-IP,3,10,3,0.6344375,1.0,30,457175121,100,1,8.712486724244307,5.013521789956166,15.632333717816058,8.23072175797308,18.36323071086233,1.0
162,ilrma-t-iss-seq,3,10,3,0.6344375,1.0,30,457175121,0,0,0.0,-3.217199968016914,-2.730896993046272,0.0,0.0,0.0
163,ilrma-t-iss-seq,3,10,3,0.6344375,1.0,30,457175121,100,1,11.383288352868602,4.732778724462583,14.972472426034379,7.9499786924794975,17.703369419080648,1.0
164,ilrma-t-iss-joint,3,10,3,0.6344375,1.0,30,457175121,0,0,0.0,-3.217199968016914,-2.730896993046272,0.0,0.0,0.0
165,ilrma-t-iss-joint,3,10,3,0.6344375,1.0,30,457175121,100,1,12.909191875385567,4.732778724462583,14.972472426034379,7.9499786924794975,17.703369419080648,1.0
166,ilrma,3,10,3,0.6344375,1.0,30,457175121,0,0,0.0,-3.217199968016914,-2.730896993046272,0.0,0.0,0.0
167,ilrma,3,10,3,0.6344375,1.0,30,457175121,100,1,2.5544516101172037,5.218613689691878,15.718653842521897,8.435813657708792,18.449550835568168,1.0
168,ilrma-t-IP,3,10,3,0.6344375,1.0,30,611926871,0,0,0.0,-3.205292288094768,-2.707191157301851,0.0,0.0,0.0
169,ilrma-t-IP,3,10,3,0.6344375,1.0,30,611926871,100,1,8.744771299259073,7.845204546909137,20.740445059769087,11.050496835003905,23.447636217070936,1.0
170,ilrma-t-iss-seq,3,10,3,0.6344375,1.0,30,611926871,0,0,0.0,-3.205292288094768,-2.707191157301851,0.0,0.0,0.0
171,ilrma-t-iss-seq,3,10,3,0.6344375,1.0,30,611926871,100,1,11.41861633191208,7.831560815167248,20.72238537758079,11.036853103262017,23.429576534882642,1.0
172,ilrma-t-iss-joint,3,10,3,0.6344375,1.0,30,611926871,0,0,0.0,-3.205292288094768,-2.707191157301851,0.0,0.0,0.0
173,ilrma-t-iss-joint,3,10,3,0.6344375,1.0,30,611926871,100,1,13.0455467312274,7.831560815167248,20.72238537758079,11.036853103262017,23.429576534882642,1.0
174,ilrma,3,10,3,0.6344375,1.0,30,611926871,0,0,0.0,-3.205292288094768,-2.707191157301851,0.0,0.0,0.0
175,ilrma,3,10,3,0.6344375,1.0,30,611926871,100,1,2.505018990416143,7.982313687699836,20.038893524687484,11.187605975794604,22.746084681989334,1.0
176,ilrma-t-IP,3,10,3,0.6344375,1.0,30,789925284,0,0,0.0,-3.218290783011066,-2.7165615028865755,0.0,0.0,0.0
177,ilrma-t-IP,3,10,3,0.6344375,1.0,30,789925284,100,1,8.863638285599718,2.6280389083778677,11.506818980631747,5.8463296913889335,14.223380483518321,1.0
178,ilrma-t-iss-seq,3,10,3,0.6344375,1.0,30,789925284,0,0,0.0,-3.218290783011066,-2.7165615028865755,0.0,0.0,0.0
179,ilrma-t-iss-seq,3,10,3,0.6344375,1.0,30,789925284,100,1,11.494595764894578,5.014269441266731,16.06894733605286,8.232560224277798,18.78550883893944,1.0
180,ilrma-t-iss-joint,3,10,3,0.6344375,1.0,30,789925284,0,0,0.0,-3.218290783011066,-2.7165615028865755,0.0,0.0,0.0
181,ilrma-t-iss-joint,3,10,3,0.6344375,1.0,30,789925284,100,1,12.937346985610503,5.014269441266731,16.06894733605286,8.232560224277798,18.78550883893944,1.0
182,ilrma,3,10,3,0.6344375,1.0,30,789925284,0,0,0.0,-3.218290783011066,-2.7165615028865755,0.0,0.0,0.0
183,ilrma,3,10,3,0.6344375,1.0,30,789925284,100,1,2.4915660883110653,5.482103413340951,16.47059418027631,8.700394196352017,19.18715568316289,1.0
184,ilrma-t-IP,3,10,3,0.6344375,1.0,30,665605494,0,0,0.0,-3.272811387932354,-2.567828890266242,0.0,0.0,0.0
185,ilrma-t-IP,3,10,3,0.6344375,1.0,30,665605494,100,1,8.794038614350036,7.437858123694386,19.44450001893384,10.710669511626739,22.01232890920009,1.0
186,ilrma-t-iss-seq,3,10,3,0.6344375,1.0,30,665605494,0,0,0.0,-3.272811387932354,-2.567828890266242,0.0,0.0,0.0
187,ilrma-t-iss-seq,3,10,3,0.6344375,1.0,30,665605494,100,1,11.381023400579933,7.4936574731404555,19.208242406734893,10.76646886107281,21.776071297001135,1.0
188,ilrma-t-iss-joint,3,10,3,0.6344375,1.0,30,665605494,0,0,0.0,-3.272811387932354,-2.567828890266242,0.0,0.0,0.0
189,ilrma-t-iss-joint,3,10,3,0.6344375,1.0,30,665605494,100,1,12.935284909618114,7.4936574731404555,19.208242406734893,10.76646886107281,21.776071297001135,1.0
190,ilrma,3,10,3,0.6344375,1.0,30,665605494,0,0,0.0,-3.272811387932354,-2.567828890266242,0.0,0.0,0.0
191,ilrma,3,10,3,0.6344375,1.0,30,665605494,100,1,2.4885144425935994,7.557591434245379,18.77749079170133,10.830402822177733,21.34531968196757,1.0
192,ilrma-t-IP,3,10,3,0.6344375,1.0,30,1685103474,0,0,0.0,-3.2225185843455826,-2.6986926644963667,0.0,0.0,0.0
193,ilrma-t-IP,3,10,3,0.6344375,1.0,30,1685103474,100,1,8.657859765417161,7.898368463950152,20.349497826230643,11.120887048295733,23.04819049072701,1.0
194,ilrma-t-iss-seq,3,10,3,0.6344375,1.0,30,1685103474,0,0,0.0,-3.2225185843455826,-2.6986926644963667,0.0,0.0,0.0
195,ilrma-t-iss-seq,3,10,3,0.6344375,1.0,30,1685103474,100,1,11.185508295225812,7.020425931650674,18.98907375527379,10.242944515996257,21.687766419770156,1.0
196,ilrma-t-iss-joint,3,10,3,0.6344375,1.0,30,1685103474,0,0,0.0,-3.2225185843455826,-2.6986926644963667,0.0,0.0,0.0
197,ilrma-t-iss-joint,3,10,3,0.6344375,1.0,30,1685103474,100,1,12.658017819659594,7.020425931650674,18.98907375527379,10.242944515996257,21.687766419770156,1.0
198,ilrma,3,10,3,0.6344375,1.0,30,1685103474,0,0,0.0,-3.2225185843455826,-2.6986926644963667,0.0,0.0,0.0
199,ilrma,3,10,3,0.6344375,1.0,30,1685103474,100,1,2.51699857954766,7.820610211170519,19.73686799494643,11.043128795516102,22.435560659442796,1.0
200,ilrma-t-IP,3,10,3,0.6344375,1.0,30,555401847,0,0,0.0,-3.2513252034489106,-2.895119343874576,0.0,0.0,0.0
201,ilrma-t-IP,3,10,3,0.6344375,1.0,30,555401847,100,1,8.762759337507315,6.630829354266027,18.653404401284167,9.882154557714937,21.548523745158743,1.0
202,ilrma-t-iss-seq,3,10,3,0.6344375,1.0,30,555401847,0,0,0.0,-3.2513252034489106,-2.895119343874576,0.0,0.0,0.0
203,ilrma-t-iss-seq,3,10,3,0.6344375,1.0,30,555401847,100,1,11.328191943990374,6.167322775680481,17.457073882076227,9.418647979129393,20.3521932259508,1.0
204,ilrma-t-iss-joint,3,10,3,0.6344375,1.0,30,555401847,0,0,0.0,-3.2513252034489106,-2.895119343874576,0.0,0.0,0.0
205,ilrma-t-iss-joint,3,10,3,0.6344375,1.0,30,555401847,100,1,12.88392645344353,6.167322775680481,17.457073882076227,9.418647979129393,20.3521932259508,1.0
206,ilrma,3,10,3,0.6344375,1.0,30,555401847,0,0,0.0,-3.2513252034489106,-2.895119343874576,0.0,0.0,0.0
207,ilrma,3,10,3,0.6344375,1.0,30,555401847,100,1,2.530608864077975,6.773336483544983,18.720368981392753,10.024661686993895,21.615488325267332,1.0
208,ilrma-t-IP,3,10,3,0.6344375,1.0,30,242224567,0,0,0.0,-3.320429549678488,-2.9092252845793216,0.0,0.0,0.0
209,ilrma-t-IP,3,10,3,0.6344375,1.0,30,242224567,100,1,8.609168340042304,7.721736589032147,19.789031041922392,11.042166138710634,22.69825632650171,1.0
210,ilrma-t-iss-seq,3,10,3,0.6344375,1.0,30,242224567,0,0,0.0,-3.320429549678488,-2.9092252845793216,0.0,0.0,0.0
211,ilrma-t-iss-seq,3,10,3,0.6344375,1.0,30,242224567,100,1,11.18676606363454,6.645370586817225,18.21098800734995,9.965800136495714,21.12021329192927,1.0
212,ilrma-t-iss-joint,3,10,3,0.6344375,1.0,30,242224567,0,0,0.0,-3.320429549678488,-2.9092252845793216,0.0,0.0,0.0
213,ilrma-t-iss-joint,3,10,3,0.6344375,1.0,30,242224567,100,1,12.737110424281662,6.645370586817225,18.21098800734995,9.965800136495714,21.12021329192927,1.0
214,ilrma,3,10,3,0.6344375,1.0,30,242224567,0,0,0.0,-3.320429549678488,-2.9092252845793216,0.0,0.0,0.0
215,ilrma,3,10,3,0.6344375,1.0,30,242224567,100,1,2.5259220099014708,7.8197075124822035,19.322207893443988,11.14013706216069,22.23143317802331,1.0
216,ilrma-t-IP,3,10,3,0.6344375,1.0,30,290876773,0,0,0.0,-3.3599253300013507,-2.9274499412642263,0.0,0.0,0.0
217,ilrma-t-IP,3,10,3,0.6344375,1.0,30,290876773,100,1,8.608346177511502,5.123574802291288,15.728143824657282,8.483500132292638,18.655593765921513,1.0
218,ilrma-t-iss-seq,3,10,3,0.6344375,1.0,30,290876773,0,0,0.0,-3.3599253300013507,-2.9274499412642263,0.0,0.0,0.0
219,ilrma-t-iss-seq,3,10,3,0.6344375,1.0,30,290876773,100,1,11.297551571788736,6.907512414535524,18.220612556784786,10.267437744536874,21.148062498049015,1.0
220,ilrma-t-iss-joint,3,10,3,0.6344375,1.0,30,290876773,0,0,0.0,-3.3599253300013507,-2.9274499412642263,0.0,0.0,0.0
221,ilrma-t-iss-joint,3,10,3,0.6344375,1.0,30,290876773,100,1,12.819816656257466,6.907512414535524,18.220612556784786,10.267437744536874,21.148062498049015,1.0
222,ilrma,3,10,3,0.6344375,1.0,30,290876773,0,0,0.0,-3.3599253300013507,-2.9274499412642263,0.0,0.0,0.0
223,ilrma,3,10,3,0.6344375,1.0,30,290876773,100,1,2.5271060735737727,5.533166669820244,16.853642942929834,8.893091999821594,19.781092884194056,1.0
224,ilrma-t-IP,3,10,3,0.6344375,1.0,30,933956160,0,0,0.0,-3.2508027032697275,-2.832444686135661,0.0,0.0,0.0
225,ilrma-t-IP,3,10,3,0.6344375,1.0,30,933956160,100,1,8.726483204788078,6.557951641699191,18.693525785897787,9.808754344968918,21.52597047203345,1.0
226,ilrma-t-iss-seq,3,10,3,0.6344375,1.0,30,933956160,0,0,0.0,-3.2508027032697275,-2.832444686135661,0.0,0.0,0.0
227,ilrma-t-iss-seq,3,10,3,0.6344375,1.0,30,933956160,100,1,11.2838250570741,7.834527318573631,20.35075742839965,11.08533002184336,23.18320211453531,1.0
228,ilrma-t-iss-joint,3,10,3,0.6344375,1.0,30,933956160,0,0,0.0,-3.2508027032697275,-2.832444686135661,0.0,0.0,0.0
229,ilrma-t-iss-joint,3,10,3,0.6344375,1.0,30,933956160,100,1,12.820873073363344,7.834527318573631,20.35075742839965,11.08533002184336,23.18320211453531,1.0
230,ilrma,3,10,3,0.6344375,1.0,30,933956160,0,0,0.0,-3.2508027032697275,-2.832444686135661,0.0,0.0,0.0
231,ilrma,3,10,3,0.6344375,1.0,30,933956160,100,1,2.5086555624112963,7.889872063404684,19.595824758471277,11.140674766674413,22.42826944460694,1.0
232,ilrma-t-IP,3,10,3,0.6344375,1.0,30,1995646239,0,0,0.0,-3.2251897298468606,-2.6084893639427134,0.0,0.0,0.0
233,ilrma-t-IP,3,10,3,0.6344375,1.0,30,1995646239,100,1,8.725114561759264,4.899170526333619,15.654463084231297,8.124360256180479,18.26295244817401,1.0
234,ilrma-t-iss-seq,3,10,3,0.6344375,1.0,30,1995646239,0,0,0.0,-3.2251897298468606,-2.6084893639427134,0.0,0.0,0.0
235,ilrma-t-iss-seq,3,10,3,0.6344375,1.0,30,1995646239,100,1,11.307005028953904,5.636973044653974,16.654066406284738,8.862162774500835,19.26255577022745,1.0
236,ilrma-t-iss-joint,3,10,3,0.6344375,1.0,30,1995646239,0,0,0.0,-3.2251897298468606,-2.6084893639427134,0.0,0.0,0.0
237,ilrma-t-iss-joint,3,10,3,0.6344375,1.0,30,1995646239,100,1,12.701865040211613,5.636973044653974,16.654066406284738,8.862162774500835,19.26255577022745,1.0
238,ilrma,3,10,3,0.6344375,1.0,30,1995646239,0,0,0.0,-3.2251897298468606,-2.6084893639427134,0.0,0.0,0.0
239,ilrma,3,10,3,0.6344375,1.0,30,1995646239,100,1,2.453472451788518,4.959211227187658,15.550351874952383,8.184400957034518,18.158841238895096,1.0
240,ilrma-t-IP,3,10,3,0.6344375,1.0,30,410361373,0,0,0.0,-3.3445704127843645,-2.873453666212532,0.0,0.0,0.0
241,ilrma-t-IP,3,10,3,0.6344375,1.0,30,410361373,100,1,8.720869383315987,6.347569425449226,18.09402096997232,9.692139838233592,20.96747463618485,1.0
242,ilrma-t-iss-seq,3,10,3,0.6344375,1.0,30,410361373,0,0,0.0,-3.3445704127843645,-2.873453666212532,0.0,0.0,0.0
243,ilrma-t-iss-seq,3,10,3,0.6344375,1.0,30,410361373,100,1,11.32026227930115,6.1910843205042525,17.82243433614101,9.535654733288617,20.69588800235354,1.0
244,ilrma-t-iss-joint,3,10,3,0.6344375,1.0,30,410361373,0,0,0.0,-3.3445704127843645,-2.873453666212532,0.0,0.0,0.0
245,ilrma-t-iss-joint,3,10,3,0.6344375,1.0,30,410361373,100,1,12.825216836746506,6.1910843205042525,17.82243433614101,9.535654733288617,20.69588800235354,1.0
246,ilrma,3,10,3,0.6344375,1.0,30,410361373,0,0,0.0,-3.3445704127843645,-2.873453666212532,0.0,0.0,0.0
247,ilrma,3,10,3,0.6344375,1.0,30,410361373,100,1,2.4279231501407583,6.717142374497752,18.399254063457974,10.061712787282117,21.272707729670504,1.0
248,ilrma-t-IP,3,10,3,0.6344375,1.0,30,1563495164,0,0,0.0,-3.074383359471293,-2.5068386650079524,0.0,0.0,0.0
249,ilrma-t-IP,3,10,3,0.6344375,1.0,30,1563495164,100,1,8.835546678387757,5.245705711424189,16.05492625651601,8.320089070895483,18.56176492152396,1.0
250,ilrma-t-iss-seq,3,10,3,0.6344375,1.0,30,1563495164,0,0,0.0,-3.074383359471293,-2.5068386650079524,0.0,0.0,0.0
251,ilrma-t-iss-seq,3,10,3,0.6344375,1.0,30,1563495164,100,1,11.330679226717901,5.748438744799533,16.291830033494374,8.822822104270827,18.79866869850233,1.0
252,ilrma-t-iss-joint,3,10,3,0.6344375,1.0,30,1563495164,0,0,0.0,-3.074383359471293,-2.5068386650079524,0.0,0.0,0.0
253,ilrma-t-iss-joint,3,10,3,0.6344375,1.0,30,1563495164,100,1,12.742487661261121,5.748438744799533,16.291830033494374,8.822822104270827,18.79866869850233,1.0
254,ilrma,3,10,3,0.6344375,1.0,30,1563495164,0,0,0.0,-3.074383359471293,-2.5068386650079524,0.0,0.0,0.0
255,ilrma,3,10,3,0.6344375,1.0,30,1563495164,100,1,2.415771149204586,1.7860368893482879,10.841436273566991,4.8604202488195805,13.348274938574944,1.0
256,ilrma-t-IP,3,10,3,0.6344375,1.0,30,561383553,0,0,0.0,-3.3083088194721637,-2.745549679120336,0.0,0.0,0.0
257,ilrma-t-IP,3,10,3,0.6344375,1.0,30,561383553,100,1,8.71040533547163,7.869494596687606,19.83663453685652,11.17780341615977,22.582184215976856,1.0
258,ilrma-t-iss-seq,3,10,3,0.6344375,1.0,30,561383553,0,0,0.0,-3.3083088194721637,-2.745549679120336,0.0,0.0,0.0
259,ilrma-t-iss-seq,3,10,3,0.6344375,1.0,30,561383553,100,1,11.109009039460906,7.880115555624033,19.878227223155417,11.188424375096195,22.623776902275754,1.0
260,ilrma-t-iss-joint,3,10,3,0.6344375,1.0,30,561383553,0,0,0.0,-3.3083088194721637,-2.745549679120336,0.0,0.0,0.0
261,ilrma-t-iss-joint,3,10,3,0.6344375,1.0,30,561383553,100,1,12.719901975358175,7.880115555624033,19.878227223155417,11.188424375096195,22.623776902275754,1.0
262,ilrma,3,10,3,0.6344375,1.0,30,561383553,0,0,0.0,-3.3083088194721637,-2.745549679120336,0.0,0.0,0.0
263,ilrma,3,10,3,0.6344375,1.0,30,561383553,100,1,2.528140467856091,-0.2702992108368196,6.591697279759273,3.038009608635344,9.337246958879609,1.0
264,ilrma-t-IP,3,10,3,0.6344375,1.0,30,657890619,0,0,0.0,-3.226641502155432,-2.6350067055815645,0.0,0.0,0.0
265,ilrma-t-IP,3,10,3,0.6344375,1.0,30,657890619,100,1,8.465692480878365,6.872476782163459,18.652718474493522,10.099118284318891,21.287725180075086,1.0
266,ilrma-t-iss-seq,3,10,3,0.6344375,1.0,30,657890619,0,0,0.0,-3.226641502155432,-2.6350067055815645,0.0,0.0,0.0
267,ilrma-t-iss-seq,3,10,3,0.6344375,1.0,30,657890619,100,1,11.045512120651374,6.867514697443482,18.65736534114444,10.094156199598912,21.292372046726005,1.0
268,ilrma-t-iss-joint,3,10,3,0.6344375,1.0,30,657890619,0,0,0.0,-3.226641502155432,-2.6350067055815645,0.0,0.0,0.0
269,ilrma-t-iss-joint,3,10,3,0.6344375,1.0,30,657890619,100,1,12.695312897853414,6.867514697443482,18.65736534114444,10.094156199598912,21.292372046726005,1.0
270,ilrma,3,10,3,0.6344375,1.0,30,657890619,0,0,0.0,-3.226641502155432,-2.6350067055815645,0.0,0.0,0.0
271,ilrma,3,10,3,0.6344375,1.0,30,657890619,100,1,2.505391567974335,8.101326776229623,19.948615069842493,11.327968278385056,22.58362177542406,1.0
272,ilrma-t-IP,3,10,3,0.6344375,1.0,30,137773602,0,0,0.0,-3.1661128668392053,-2.727331460828181,0.0,0.0,0.0
273,ilrma-t-IP,3,10,3,0.6344375,1.0,30,137773602,100,1,8.610483241701049,8.054213966434821,20.514574616170616,11.220326833274024,23.2419060769988,1.0
274,ilrma-t-iss-seq,3,10,3,0.6344375,1.0,30,137773602,0,0,0.0,-3.1661128668392053,-2.727331460828181,0.0,0.0,0.0
275,ilrma-t-iss-seq,3,10,3,0.6344375,1.0,30,137773602,100,1,11.249144342059626,6.315371584876419,17.960124384315378,9.481484451715623,20.68745584514356,1.0
276,ilrma-t-iss-joint,3,10,3,0.6344375,1.0,30,137773602,0,0,0.0,-3.1661128668392053,-2.727331460828181,0.0,0.0,0.0
277,ilrma-t-iss-joint,3,10,3,0.6344375,1.0,30,137773602,100,1,12.618379464086086,6.315371584876419,17.960124384315378,9.481484451715623,20.68745584514356,1.0
278,ilrma,3,10,3,0.6344375,1.0,30,137773602,0,0,0.0,-3.1661128668392053,-2.727331460828181,0.0,0.0,0.0
279,ilrma,3,10,3,0.6344375,1.0,30,137773602,100,1,2.495290983537019,6.654508631325716,17.959622938351487,9.820621498164924,20.68695439917967,1.0
280,ilrma-t-IP,3,10,3,0.6344375,1.0,30,545865959,0,0,0.0,-3.184747695653694,-2.7108737876701183,0.0,0.0,0.0
281,ilrma-t-IP,3,10,3,0.6344375,1.0,30,545865959,100,1,8.492211492905632,7.85608482201246,19.773590114815235,11.040832517666153,22.484463902485356,1.0
282,ilrma-t-iss-seq,3,10,3,0.6344375,1.0,30,545865959,0,0,0.0,-3.184747695653694,-2.7108737876701183,0.0,0.0,0.0
283,ilrma-t-iss-seq,3,10,3,0.6344375,1.0,30,545865959,100,1,11.131812023442297,7.861537040868981,19.790437745220327,11.046284736522674,22.50131153289044,1.0
284,ilrma-t-iss-joint,3,10,3,0.6344375,1.0,30,545865959,0,0,0.0,-3.184747695653694,-2.7108737876701183,0.0,0.0,0.0
285,ilrma-t-iss-joint,3,10,3,0.6344375,1.0,30,545865959,100,1,12.588737520049333,7.861537040868981,19.790437745220327,11.046284736522674,22.50131153289044,1.0
286,ilrma,3,10,3,0.6344375,1.0,30,545865959,0,0,0.0,-3.184747695653694,-2.7108737876701183,0.0,0.0,0.0
287,ilrma,3,10,3,0.6344375,1.0,30,545865959,100,1,2.5110662677359548,7.969779530818859,19.396284961450444,11.154527226472554,22.107158749120558,1.0
288,ilrma-t-IP,3,10,3,0.6344375,1.0,30,115061003,0,0,0.0,-3.2629759227189847,-2.8589863296043627,0.0,0.0,0.0
289,ilrma-t-IP,3,10,3,0.6344375,1.0,30,115061003,100,1,8.634295148206396,7.509139013965438,19.782996683867243,10.772114936684423,22.641983013471606,1.0
290,ilrma-t-iss-seq,3,10,3,0.6344375,1.0,30,115061003,0,0,0.0,-3.2629759227189847,-2.8589863296043627,0.0,0.0,0.0
291,ilrma-t-iss-seq,3,10,3,0.6344375,1.0,30,115061003,100,1,11.21063360784679,6.39430615724062,18.29246701380738,9.657282079959606,21.15145334341174,1.0
292,ilrma-t-iss-joint,3,10,3,0.6344375,1.0,30,115061003,0,0,0.0,-3.2629759227189847,-2.8589863296043627,0.0,0.0,0.0
293,ilrma-t-iss-joint,3,10,3,0.6344375,1.0,30,115061003,100,1,12.688137306067054,6.39430615724062,18.29246701380738,9.657282079959606,21.15145334341174,1.0
294,ilrma,3,10,3,0.6344375,1.0,30,115061003,0,0,0.0,-3.2629759227189847,-2.8589863296043627,0.0,0.0,0.0
295,ilrma,3,10,3,0.6344375,1.0,30,115061003,100,1,2.4833006076308455,-0.15408803388504122,6.0734857612010735,3.108887888833944,8.932472090805437,0.6666666666666666
296,ilrma-t-IP,3,10,3,0.6344375,1.0,30,1319794951,0,0,0.0,-3.2670912249410535,-2.662539799347112,0.0,0.0,0.0
297,ilrma-t-IP,3,10,3,0.6344375,1.0,30,1319794951,100,1,8.669293737760047,6.394061718461953,17.729704704025448,9.661152943403007,20.39224450337256,1.0
298,ilrma-t-iss-seq,3,10,3,0.6344375,1.0,30,1319794951,0,0,0.0,-3.2670912249410535,-2.662539799347112,0.0,0.0,0.0
299,ilrma-t-iss-seq,3,10,3,0.6344375,1.0,30,1319794951,100,1,11.20488544156424,6.741611468754949,18.688448946874324,10.008702693696003,21.350988746221436,1.0
300,ilrma-t-iss-joint,3,10,3,0.6344375,1.0,30,1319794951,0,0,0.0,-3.2670912249410535,-2.662539799347112,0.0,0.0,0.0
301,ilrma-t-iss-joint,3,10,3,0.6344375,1.0,30,1319794951,100,1,12.69635442335271,6.741611468754949,18.688448946874324,10.008702693696003,21.350988746221436,1.0
302,ilrma,3,10,3,0.6344375,1.0,30,1319794951,0,0,0.0,-3.2670912249410535,-2.662539799347112,0.0,0.0,0.0
303,ilrma,3,10,3,0.6344375,1.0,30,1319794951,100,1,2.486344838008261,7.085629824859073,18.34778543589904,10.352721049800126,21.010325235246153,1.0
304,ilrma-t-IP,3,10,3,0.6344375,1.0,30,1981297353,0,0,0.0,-3.1610843266281883,-2.775711876228172,0.0,0.0,0.0
305,ilrma-t-IP,3,10,3,0.6344375,1.0,30,1981297353,100,1,8.78796040434573,8.262491362137178,21.318679483960068,11.423575688765366,24.09439136018824,1.0
306,ilrma-t-iss-seq,3,10,3,0.6344375,1.0,30,1981297353,0,0,0.0,-3.1610843266281883,-2.775711876228172,0.0,0.0,0.0
307,ilrma-t-iss-seq,3,10,3,0.6344375,1.0,30,1981297353,100,1,11.309712865194955,8.263014771305125,21.265723114925148,11.424099097933313,24.04143499115332,1.0
308,ilrma-t-iss-joint,3,10,3,0.6344375,1.0,30,1981297353,0,0,0.0,-3.1610843266281883,-2.775711876228172,0.0,0.0,0.0
309,ilrma-t-iss-joint,3,10,3,0.6344375,1.0,30,1981297353,100,1,12.660863751532464,8.263014771305125,21.265723114925148,11.424099097933313,24.04143499115332,1.0
310,ilrma,3,10,3,0.6344375,1.0,30,1981297353,0,0,0.0,-3.1610843266281883,-2.775711876228172,0.0,0.0,0.0
311,ilrma,3,10,3,0.6344375,1.0,30,1981297353,100,1,2.420966531216495,8.273448867006634,20.795043328152815,11.43453319363482,23.570755204380987,1.0
312,ilrma-t-IP,3,10,3,0.6344375,1.0,30,986507083,0,0,0.0,-3.1684090877530906,-2.7715084261398797,0.0,0.0,0.0
313,ilrma-t-IP,3,10,3,0.6344375,1.0,30,986507083,100,1,8.824641834500214,7.631287451078893,20.04712806937136,10.799696538831986,22.818636495511242,1.0
314,ilrma-t-iss-seq,3,10,3,0.6344375,1.0,30,986507083,0,0,0.0,-3.1684090877530906,-2.7715084261398797,0.0,0.0,0.0
315,ilrma-t-iss-seq,3,10,3,0.6344375,1.0,30,986507083,100,1,11.181479462110245,5.11170424446743,15.971352029752836,8.280113332220521,18.742860455892714,1.0
316,ilrma-t-iss-joint,3,10,3,0.6344375,1.0,30,986507083,0,0,0.0,-3.1684090877530906,-2.7715084261398797,0.0,0.0,0.0
317,ilrma-t-iss-joint,3,10,3,0.6344375,1.0,30,986507083,100,1,12.787623643709702,5.11170424446743,15.971352029752836,8.280113332220521,18.742860455892714,1.0
318,ilrma,3,10,3,0.6344375,1.0,30,986507083,0,0,0.0,-3.1684090877530906,-2.7715084261398797,0.0,0.0,0.0
319,ilrma,3,10,3,0.6344375,1.0,30,986507083,100,1,2.4356149831909573,8.519213806441485,20.676160099135213,11.687622894194575,23.44766852527509,1.0
320,ilrma-t-IP,3,10,3,0.6344375,1.0,30,1330634775,0,0,0.0,-3.119086106762118,-2.755915789860199,0.0,0.0,0.0
321,ilrma-t-IP,3,10,3,0.6344375,1.0,30,1330634775,100,1,8.61180130969005,7.934285468829018,20.00074514936384,11.053371575591138,22.756660939224037,1.0
322,ilrma-t-iss-seq,3,10,3,0.6344375,1.0,30,1330634775,0,0,0.0,-3.119086106762118,-2.755915789860199,0.0,0.0,0.0
323,ilrma-t-iss-seq,3,10,3,0.6344375,1.0,30,1330634775,100,1,11.127588569136664,3.3267542657732534,13.685777987350534,6.445840372535372,16.441693777210734,1.0
324,ilrma-t-iss-joint,3,10,3,0.6344375,1.0,30,1330634775,0,0,0.0,-3.119086106762118,-2.755915789860199,0.0,0.0,0.0
325,ilrma-t-iss-joint,3,10,3,0.6344375,1.0,30,1330634775,100,1,12.339054567331823,3.3267542657732534,13.685777987350534,6.445840372535372,16.441693777210734,1.0
326,ilrma,3,10,3,0.6344375,1.0,30,1330634775,0,0,0.0,-3.119086106762118,-2.755915789860199,0.0,0.0,0.0
327,ilrma,3,10,3,0.6344375,1.0,30,1330634775,100,1,2.508219386188878,4.593108168884203,15.543746226180604,7.712194275646321,18.299662016040802,1.0
328,ilrma-t-IP,3,10,3,0.6344375,1.0,30,671780907,0,0,0.0,-3.318277281998851,-2.8562388237280882,0.0,0.0,0.0
329,ilrma-t-IP,3,10,3,0.6344375,1.0,30,671780907,100,1,8.628001104299244,7.164339449675018,19.713446597273656,10.48261673167387,22.569685421001747,1.0
330,ilrma-t-iss-seq,3,10,3,0.6344375,1.0,30,671780907,0,0,0.0,-3.318277281998851,-2.8562388237280882,0.0,0.0,0.0
331,ilrma-t-iss-seq,3,10,3,0.6344375,1.0,30,671780907,100,1,11.237529639483315,7.005497657107931,19.081126946817964,10.323774939106782,21.93736577054605,1.0
332,ilrma-t-iss-joint,3,10,3,0.6344375,1.0,30,671780907,0,0,0.0,-3.318277281998851,-2.8562388237280882,0.0,0.0,0.0
333,ilrma-t-iss-joint,3,10,3,0.6344375,1.0,30,671780907,100,1,12.469377474455394,7.005497657107931,19.081126946817964,10.323774939106782,21.93736577054605,1.0
334,ilrma,3,10,3,0.6344375,1.0,30,671780907,0,0,0.0,-3.318277281998851,-2.8562388237280882,0.0,0.0,0.0
335,ilrma,3,10,3,0.6344375,1.0,30,671780907,100,1,2.5163814027376072,6.835655986944324,18.595748123979337,10.153933268943174,21.451986947707425,1.0
336,ilrma-t-IP,3,10,3,0.6344375,1.0,30,1358822685,0,0,0.0,-3.1746631970647594,-2.8222139466950544,0.0,0.0,0.0
337,ilrma-t-IP,3,10,3,0.6344375,1.0,30,1358822685,100,1,8.593490230549772,7.941134826927287,20.705239501387343,11.115798023992047,23.527453448082397,1.0
338,ilrma-t-iss-seq,3,10,3,0.6344375,1.0,30,1358822685,0,0,0.0,-3.1746631970647594,-2.8222139466950544,0.0,0.0,0.0
339,ilrma-t-iss-seq,3,10,3,0.6344375,1.0,30,1358822685,100,1,11.177889027681388,7.066772453562486,19.437579477711946,10.241435650627245,22.259793424406997,1.0
340,ilrma-t-iss-joint,3,10,3,0.6344375,1.0,30,1358822685,0,0,0.0,-3.1746631970647594,-2.8222139466950544,0.0,0.0,0.0
341,ilrma-t-iss-joint,3,10,3,0.6344375,1.0,30,1358822685,100,1,12.30995668440126,7.066772453562486,19.437579477711946,10.241435650627245,22.259793424406997,1.0
342,ilrma,3,10,3,0.6344375,1.0,30,1358822685,0,0,0.0,-3.1746631970647594,-2.8222139466950544,0.0,0.0,0.0
343,ilrma,3,10,3,0.6344375,1.0,30,1358822685,100,1,2.5065954383529956,7.266525496773959,19.259736433884843,10.44118869383872,22.0819503805799,1.0
344,ilrma-t-IP,3,10,3,0.6344375,1.0,30,1752024093,0,0,0.0,-3.1771387536674762,-2.672039783356542,0.0,0.0,0.0
345,ilrma-t-IP,3,10,3,0.6344375,1.0,30,1752024093,100,1,8.67618731896911,8.036049601901153,20.39104470641841,11.213188355568628,23.06308448977495,1.0
346,ilrma-t-iss-seq,3,10,3,0.6344375,1.0,30,1752024093,0,0,0.0,-3.1771387536674762,-2.672039783356542,0.0,0.0,0.0
347,ilrma-t-iss-seq,3,10,3,0.6344375,1.0,30,1752024093,100,1,11.242670777488152,8.038095254336472,20.40038387071937,11.215234008003948,23.07242365407591,1.0
348,ilrma-t-iss-joint,3,10,3,0.6344375,1.0,30,1752024093,0,0,0.0,-3.1771387536674762,-2.672039783356542,0.0,0.0,0.0
349,ilrma-t-iss-joint,3,10,3,0.6344375,1.0,30,1752024093,100,1,12.430540617240165,8.038095254336472,20.40038387071937,11.215234008003948,23.07242365407591,1.0
350,ilrma,3,10,3,0.6344375,1.0,30,1752024093,0,0,0.0,-3.1771387536674762,-2.672039783356542,0.0,0.0,0.0
351,ilrma,3,10,3,0.6344375,1.0,30,1752024093,100,1,2.481875589555333,6.628839973113085,18.5132457058189,9.80597872678056,21.185285489175442,1.0
352,ilrma-t-IP,3,10,3,0.6344375,1.0,30,170765737,0,0,0.0,-2.9530181463000615,-2.617918992920388,0.0,0.0,0.0
353,ilrma-t-IP,3,10,3,0.6344375,1.0,30,170765737,100,1,8.649493890268548,6.218347419117296,18.29961019727784,9.171365565417359,20.91752919019823,1.0
354,ilrma-t-iss-seq,3,10,3,0.6344375,1.0,30,170765737,0,0,0.0,-2.9530181463000615,-2.617918992920388,0.0,0.0,0.0
355,ilrma-t-iss-seq,3,10,3,0.6344375,1.0,30,170765737,100,1,11.193015933735396,7.520812625900014,19.433927026026723,10.473830772200076,22.051846018947113,1.0
356,ilrma-t-iss-joint,3,10,3,0.6344375,1.0,30,170765737,0,0,0.0,-2.9530181463000615,-2.617918992920388,0.0,0.0,0.0
357,ilrma-t-iss-joint,3,10,3,0.6344375,1.0,30,170765737,100,1,12.312940969597891,7.520812625900014,19.433927026026723,10.473830772200076,22.051846018947113,1.0
358,ilrma,3,10,3,0.6344375,1.0,30,170765737,0,0,0.0,-2.9530181463000615,-2.617918992920388,0.0,0.0,0.0
359,ilrma,3,10,3,0.6344375,1.0,30,170765737,100,1,2.485574438154557,6.108363518654503,17.32770393992075,9.061381664954565,19.945622932841136,1.0
360,ilrma-t-IP,3,10,3,0.6344375,1.0,30,659577591,0,0,0.0,-3.1557917149301393,-2.669827042921165,0.0,0.0,0.0
361,ilrma-t-IP,3,10,3,0.6344375,1.0,30,659577591,100,1,8.69569308536884,8.002858482631416,20.135271895202568,11.158650197561556,22.805098938123734,1.0
362,ilrma-t-iss-seq,3,10,3,0.6344375,1.0,30,659577591,0,0,0.0,-3.1557917149301393,-2.669827042921165,0.0,0.0,0.0
363,ilrma-t-iss-seq,3,10,3,0.6344375,1.0,30,659577591,100,1,11.218876751788846,8.015557089544819,20.17341120725403,11.17134880447496,22.843238250175194,1.0
364,ilrma-t-iss-joint,3,10,3,0.6344375,1.0,30,659577591,0,0,0.0,-3.1557917149301393,-2.669827042921165,0.0,0.0,0.0
365,ilrma-t-iss-joint,3,10,3,0.6344375,1.0,30,659577591,100,1,12.230635085122145,8.015557089544819,20.17341120725403,11.17134880447496,22.843238250175194,1.0
366,ilrma,3,10,3,0.6344375,1.0,30,659577591,0,0,0.0,-3.1557917149301393,-2.669827042921165,0.0,0.0,0.0
367,ilrma,3,10,3,0.6344375,1.0,30,659577591,100,1,2.435313113742884,8.188758085046809,19.535795517643496,11.344549799976946,22.205622560564663,1.0
368,ilrma-t-IP,3,10,3,0.6344375,1.0,30,1069045865,0,0,0.0,-3.3230123448625832,-2.6521274817060316,0.0,0.0,0.0
369,ilrma-t-IP,3,10,3,0.6344375,1.0,30,1069045865,100,1,8.677742922804047,6.131759356034141,17.773558630587946,9.454771700896723,20.425686112293977,1.0
370,ilrma-t-iss-seq,3,10,3,0.6344375,1.0,30,1069045865,0,0,0.0,-3.3230123448625832,-2.6521274817060316,0.0,0.0,0.0
371,ilrma-t-iss-seq,3,10,3,0.6344375,1.0,30,1069045865,100,1,11.268639475591907,6.72557462803839,18.55176789010458,10.048586972900972,21.203895371810606,1.0
372,ilrma-t-iss-joint,3,10,3,0.6344375,1.0,30,1069045865,0,0,0.0,-3.3230123448625832,-2.6521274817060316,0.0,0.0,0.0
373,ilrma-t-iss-joint,3,10,3,0.6344375,1.0,30,1069045865,100,1,12.412576009871227,6.72557462803839,18.55176789010458,10.048586972900972,21.203895371810606,1.0
374,ilrma,3,10,3,0.6344375,1.0,30,1069045865,0,0,0.0,-3.3230123448625832,-2.6521274817060316,0.0,0.0,0.0
375,ilrma,3,10,3,0.6344375,1.0,30,1069045865,100,1,2.206607474357994,6.426663493625224,17.83904787773635,9.749675838487807,20.491175359442384,1.0
376,ilrma-t-IP,3,10,3,0.6344375,1.0,30,878579710,0,0,0.0,-3.2128662437632705,-2.788115068150491,0.0,0.0,0.0
377,ilrma-t-IP,3,10,3,0.6344375,1.0,30,878579710,100,1,8.900159824795418,5.469262361899243,16.808604032366564,8.682128605662513,19.596719100517053,1.0
378,ilrma-t-iss-seq,3,10,3,0.6344375,1.0,30,878579710,0,0,0.0,-3.2128662437632705,-2.788115068150491,0.0,0.0,0.0
379,ilrma-t-iss-seq,3,10,3,0.6344375,1.0,30,878579710,100,1,11.29428698072905,6.110597338929051,17.807438595763387,9.323463582692321,20.595553663913876,1.0
380,ilrma-t-iss-joint,3,10,3,0.6344375,1.0,30,878579710,0,0,0.0,-3.2128662437632705,-2.788115068150491,0.0,0.0,0.0
381,ilrma-t-iss-joint,3,10,3,0.6344375,1.0,30,878579710,100,1,12.343435650115318,6.110597338929051,17.807438595763387,9.323463582692321,20.595553663913876,1.0
382,ilrma,3,10,3,0.6344375,1.0,30,878579710,0,0,0.0,-3.2128662437632705,-2.788115068150491,0.0,0.0,0.0
383,ilrma,3,10,3,0.6344375,1.0,30,878579710,100,1,2.012990349869276,6.167603739964977,17.416903355325132,9.380469983728247,20.205018423475625,1.0
384,ilrma-t-IP,3,10,3,0.6344375,1.0,30,1675701733,0,0,0.0,-3.3185672990498767,-2.753045212567708,0.0,0.0,0.0
385,ilrma-t-IP,3,10,3,0.6344375,1.0,30,1675701733,100,1,4.193100962309552,6.660501606408935,18.243588884130986,9.979068905458812,20.996634096698696,1.0
386,ilrma-t-iss-seq,3,10,3,0.6344375,1.0,30,1675701733,0,0,0.0,-3.3185672990498767,-2.753045212567708,0.0,0.0,0.0
387,ilrma-t-iss-seq,3,10,3,0.6344375,1.0,30,1675701733,100,1,3.6404481216457514,3.77316761472544,12.94903940531922,7.0917349137753165,15.70208461788693,1.0
388,ilrma-t-iss-joint,3,10,3,0.6344375,1.0,30,1675701733,0,0,0.0,-3.3185672990498767,-2.753045212567708,0.0,0.0,0.0
389,ilrma-t-iss-joint,3,10,3,0.6344375,1.0,30,1675701733,100,1,5.486311998026075,3.77316761472544,12.94903940531922,7.0917349137753165,15.70208461788693,1.0
390,ilrma,3,10,3,0.6344375,1.0,30,1675701733,0,0,0.0,-3.3185672990498767,-2.753045212567708,0.0,0.0,0.0
391,ilrma,3,10,3,0.6344375,1.0,30,1675701733,100,1,1.1797139719943317,6.775861908247759,17.407326665027654,10.094429207297637,20.160371877595363,1.0
392,ilrma-t-IP,3,10,3,0.6344375,1.0,30,1605979227,0,0,0.0,-3.1239652840459784,-2.6069910237455325,0.0,0.0,0.0
393,ilrma-t-IP,3,10,3,0.6344375,1.0,30,1605979227,100,1,3.997367824511331,8.291237893374248,20.53625754987318,11.41520317742023,23.14324857361871,1.0
394,ilrma-t-iss-seq,3,10,3,0.6344375,1.0,30,1605979227,0,0,0.0,-3.1239652840459784,-2.6069910237455325,0.0,0.0,0.0
395,ilrma-t-iss-seq,3,10,3,0.6344375,1.0,30,1605979227,100,1,3.6484262060988972,8.294558807039556,20.55452708932335,11.418524091085535,23.161518113068883,1.0
396,ilrma-t-iss-joint,3,10,3,0.6344375,1.0,30,1605979227,0,0,0.0,-3.1239652840459784,-2.6069910237455325,0.0,0.0,0.0
397,ilrma-t-iss-joint,3,10,3,0.6344375,1.0,30,1605979227,100,1,5.524159784108897,8.294558807039556,20.55452708932335,11.418524091085535,23.161518113068883,1.0
398,ilrma,3,10,3,0.6344375,1.0,30,1605979227,0,0,0.0,-3.1239652840459784,-2.6069910237455325,0.0,0.0,0.0
399,ilrma,3,10,3,0.6344375,1.0,30,1605979227,100,1,1.1475413608851297,8.28638355310834,19.933305448980928,11.410348837154318,22.540296472726464,1.0
