,Algorithm,Sources,Interferers,Mics,RT60,Distance,SINR,seed,Iteration,Iteration_Index,Runtime [s],SI-SDR [dB],SI-SIR [dB],_SI-SDR [dB],_SI-SIR [dB],Success
0,auxiva,3,10,3,0.634,1,10,1995074678,0,0,0,-3.588335112,-3.479636135,0,0,0
1,auxiva,3,10,3,0.634,1,10,1995074678,50,1,0.20273205,-0.151027337,2.85964978,3.437307774,6.339285915,0.333333333
2,ilrma-t-IP,3,10,3,0.634,1,10,1995074678,0,0,0,-3.588335112,-3.479636135,0,0,0
3,ilrma-t-IP,3,10,3,0.634,1,10,1995074678,50,1,2.657505072,0.041907129,2.89910169,3.63024224,6.378737825,0.333333333
4,ilrma-t-iss-seq,3,10,3,0.634,1,10,1995074678,0,0,0,-3.588335112,-3.479636135,0,0,0
5,ilrma-t-iss-seq,3,10,3,0.634,1,10,1995074678,50,1,1.458226247,-0.081306688,2.742842431,3.507028424,6.222478566,0.333333333
6,ilrma-t-iss-joint,3,10,3,0.634,1,10,1995074678,0,0,0,-3.588335112,-3.479636135,0,0,0
7,ilrma-t-iss-joint,3,10,3,0.634,1,10,1995074678,50,1,2.29944458,-0.081306688,2.742842431,3.507028424,6.222478566,0.333333333
8,ilrma,3,10,3,0.634,1,10,1995074678,0,0,0,-3.588335112,-3.479636135,0,0,0
9,ilrma,3,10,3,0.634,1,10,1995074678,50,1,0.380815943,-1.062793179,4.326041989,2.525541932,7.805678124,0.333333333
10,auxiva,3,10,3,0.634,1,10,1358822685,0,0,0,-3.678141544,-3.566663321,0,0,0
11,auxiva,3,10,3,0.634,1,10,1358822685,50,1,0.193882718,-0.486399263,2.492396962,3.191742281,6.059060282,0.333333333
12,ilrma-t-IP,3,10,3,0.634,1,10,1358822685,0,0,0,-3.678141544,-3.566663321,0,0,0
13,ilrma-t-IP,3,10,3,0.634,1,10,1358822685,50,1,2.730332002,-0.193090109,2.623790857,3.485051435,6.190454178,0.333333333
14,ilrma-t-iss-seq,3,10,3,0.634,1,10,1358822685,0,0,0,-3.678141544,-3.566663321,0,0,0
15,ilrma-t-iss-seq,3,10,3,0.634,1,10,1358822685,50,1,1.508079478,-0.070995918,2.769913231,3.607145627,6.336576552,0.333333333
16,ilrma-t-iss-joint,3,10,3,0.634,1,10,1358822685,0,0,0,-3.678141544,-3.566663321,0,0,0
17,ilrma-t-iss-joint,3,10,3,0.634,1,10,1358822685,50,1,2.314086105,-0.070995918,2.769913231,3.607145627,6.336576552,0.333333333
18,ilrma,3,10,3,0.634,1,10,1358822685,0,0,0,-3.678141544,-3.566663321,0,0,0
19,ilrma,3,10,3,0.634,1,10,1358822685,50,1,0.37818231,0.445836073,3.222761373,4.123977617,6.789424694,0.333333333
20,auxiva,3,10,3,0.634,1,10,1675701733,0,0,0,-3.542684361,-3.442049937,0,0,0
21,auxiva,3,10,3,0.634,1,10,1675701733,50,1,0.19424616,-0.384930034,2.73187045,3.157754327,6.173920387,0.333333333
22,ilrma-t-IP,3,10,3,0.634,1,10,1675701733,0,0,0,-3.542684361,-3.442049937,0,0,0
23,ilrma-t-IP,3,10,3,0.634,1,10,1675701733,50,1,2.741526362,0.234297908,3.1274174,3.77698227,6.569467337,0.333333333
24,ilrma-t-iss-seq,3,10,3,0.634,1,10,1675701733,0,0,0,-3.542684361,-3.442049937,0,0,0
25,ilrma-t-iss-seq,3,10,3,0.634,1,10,1675701733,50,1,1.480427808,0.237070466,3.135286441,3.779754828,6.577336378,0.333333333
26,ilrma-t-iss-joint,3,10,3,0.634,1,10,1675701733,0,0,0,-3.542684361,-3.442049937,0,0,0
27,ilrma-t-iss-joint,3,10,3,0.634,1,10,1675701733,50,1,2.306791416,0.237070466,3.135286441,3.779754828,6.577336378,0.333333333
28,ilrma,3,10,3,0.634,1,10,1675701733,0,0,0,-3.542684361,-3.442049937,0,0,0
29,ilrma,3,10,3,0.634,1,10,1675701733,50,1,0.38536912,0.271612516,3.103933291,3.814296878,6.545983228,0.333333333
30,auxiva,3,10,3,0.634,1,0,457175121,0,0,0,-6.996292048,-6.884593473,0,0,0
31,auxiva,3,10,3,0.634,1,0,457175121,50,1,0.197626356,-7.786710293,-5.034455015,-0.790418245,1.850138458,0
32,ilrma-t-IP,3,10,3,0.634,1,0,457175121,0,0,0,-6.996292048,-6.884593473,0,0,0
33,ilrma-t-IP,3,10,3,0.634,1,0,457175121,50,1,2.647677679,-12.58067839,-3.363986914,-5.584386346,3.520606559,0
34,ilrma-t-iss-seq,3,10,3,0.634,1,0,457175121,0,0,0,-6.996292048,-6.884593473,0,0,0
35,ilrma-t-iss-seq,3,10,3,0.634,1,0,457175121,50,1,1.510564917,-12.99237035,-4.37112499,-5.9960783,2.513468482,0
36,ilrma-t-iss-joint,3,10,3,0.634,1,0,457175121,0,0,0,-6.996292048,-6.884593473,0,0,0
37,ilrma-t-iss-joint,3,10,3,0.634,1,0,457175121,50,1,2.29505178,-12.99237035,-4.37112499,-5.9960783,2.513468482,0
38,ilrma,3,10,3,0.634,1,0,457175121,0,0,0,-6.996292048,-6.884593473,0,0,0
39,ilrma,3,10,3,0.634,1,0,457175121,50,1,0.384549983,-14.56253749,-4.741230766,-7.566245442,2.143362707,0
40,auxiva,3,10,3,0.634,1,0,1358822685,0,0,0,-7.01581612,-6.872364529,0,0,0
41,auxiva,3,10,3,0.634,1,0,1358822685,50,1,0.193254485,-5.829572557,-3.16973901,1.186243563,3.702625519,0
42,ilrma-t-IP,3,10,3,0.634,1,0,1358822685,0,0,0,-7.01581612,-6.872364529,0,0,0
43,ilrma-t-IP,3,10,3,0.634,1,0,1358822685,50,1,2.687496199,-9.443563791,0.726345171,-2.42774767,7.5987097,0.333333333
44,ilrma-t-iss-seq,3,10,3,0.634,1,0,1358822685,0,0,0,-7.01581612,-6.872364529,0,0,0
45,ilrma-t-iss-seq,3,10,3,0.634,1,0,1358822685,50,1,1.483894237,-6.026344485,-2.762995493,0.989471635,4.109369036,0.333333333
46,ilrma-t-iss-joint,3,10,3,0.634,1,0,1358822685,0,0,0,-7.01581612,-6.872364529,0,0,0
47,ilrma-t-iss-joint,3,10,3,0.634,1,0,1358822685,50,1,2.295310095,-6.026344485,-2.762995493,0.989471635,4.109369036,0.333333333
48,ilrma,3,10,3,0.634,1,0,1358822685,0,0,0,-7.01581612,-6.872364529,0,0,0
49,ilrma,3,10,3,0.634,1,0,1358822685,50,1,0.380731114,-9.515307148,1.351697919,-2.499491027,8.224062448,0.333333333
50,auxiva,3,10,3,0.634,1,10,561383553,0,0,0,-3.638156597,-3.453872017,0,0,0
51,auxiva,3,10,3,0.634,1,10,561383553,50,1,0.192799469,-0.781892832,2.254758622,2.856263765,5.70863064,0.333333333
52,ilrma-t-IP,3,10,3,0.634,1,10,561383553,0,0,0,-3.638156597,-3.453872017,0,0,0
53,ilrma-t-IP,3,10,3,0.634,1,10,561383553,50,1,2.673641456,0.209154808,3.630628688,3.847311404,7.084500706,0.333333333
54,ilrma-t-iss-seq,3,10,3,0.634,1,10,561383553,0,0,0,-3.638156597,-3.453872017,0,0,0
55,ilrma-t-iss-seq,3,10,3,0.634,1,10,561383553,50,1,1.476937317,-0.251580355,2.721903395,3.386576241,6.175775413,0.333333333
56,ilrma-t-iss-joint,3,10,3,0.634,1,10,561383553,0,0,0,-3.638156597,-3.453872017,0,0,0
57,ilrma-t-iss-joint,3,10,3,0.634,1,10,561383553,50,1,2.298011153,-0.251580355,2.721903395,3.386576241,6.175775413,0.333333333
58,ilrma,3,10,3,0.634,1,10,561383553,0,0,0,-3.638156597,-3.453872017,0,0,0
59,ilrma,3,10,3,0.634,1,10,561383553,50,1,0.382136646,-8.306692336,2.92618578,-4.668535739,6.380057797,0.333333333
60,auxiva,3,10,3,0.634,1,10,1819941518,0,0,0,-3.687391403,-3.550738574,0,0,0
61,auxiva,3,10,3,0.634,1,10,1819941518,50,1,0.222763018,-0.795575957,2.62046149,2.891815446,6.171200064,0.333333333
62,ilrma-t-IP,3,10,3,0.634,1,10,1819941518,0,0,0,-3.687391403,-3.550738574,0,0,0
63,ilrma-t-IP,3,10,3,0.634,1,10,1819941518,50,1,2.8321857,0.290487002,3.358942995,3.977878405,6.909681569,0.333333333
64,ilrma-t-iss-seq,3,10,3,0.634,1,10,1819941518,0,0,0,-3.687391403,-3.550738574,0,0,0
65,ilrma-t-iss-seq,3,10,3,0.634,1,10,1819941518,50,1,1.524023663,0.169672324,3.332240829,3.857063727,6.882979402,0.333333333
66,ilrma-t-iss-joint,3,10,3,0.634,1,10,1819941518,0,0,0,-3.687391403,-3.550738574,0,0,0
67,ilrma-t-iss-joint,3,10,3,0.634,1,10,1819941518,50,1,2.396821587,0.169672324,3.332240829,3.857063727,6.882979402,0.333333333
68,ilrma,3,10,3,0.634,1,10,1819941518,0,0,0,-3.687391403,-3.550738574,0,0,0
69,ilrma,3,10,3,0.634,1,10,1819941518,50,1,0.395711069,-7.981771629,3.657209807,-4.294380226,7.20794838,0.333333333
70,auxiva,3,10,3,0.634,1,10,137773602,0,0,0,-3.532650372,-3.422576343,0,0,0
71,auxiva,3,10,3,0.634,1,10,137773602,50,1,0.196303383,-1.752768385,1.697385859,1.779881987,5.119962201,0.333333333
72,ilrma-t-IP,3,10,3,0.634,1,10,137773602,0,0,0,-3.532650372,-3.422576343,0,0,0
73,ilrma-t-IP,3,10,3,0.634,1,10,137773602,50,1,2.793262852,0.235586868,3.348797599,3.768237239,6.771373942,0.333333333
74,ilrma-t-iss-seq,3,10,3,0.634,1,10,137773602,0,0,0,-3.532650372,-3.422576343,0,0,0
75,ilrma-t-iss-seq,3,10,3,0.634,1,10,137773602,50,1,1.531147002,0.308185787,3.53777917,3.840836159,6.960355513,0.333333333
76,ilrma-t-iss-joint,3,10,3,0.634,1,10,137773602,0,0,0,-3.532650372,-3.422576343,0,0,0
77,ilrma-t-iss-joint,3,10,3,0.634,1,10,137773602,50,1,2.331448707,0.308185787,3.53777917,3.840836159,6.960355513,0.333333333
78,ilrma,3,10,3,0.634,1,10,137773602,0,0,0,-3.532650372,-3.422576343,0,0,0
79,ilrma,3,10,3,0.634,1,10,137773602,50,1,0.397665381,-0.327881316,2.336848925,3.204769056,5.759425267,0.333333333
80,auxiva,3,10,3,0.634,1,10,1319794951,0,0,0,-3.461315394,-3.247977966,0,0,0
81,auxiva,3,10,3,0.634,1,10,1319794951,50,1,0.203650817,0.649000735,3.859374441,4.110316129,7.107352408,0.333333333
82,ilrma-t-IP,3,10,3,0.634,1,10,1319794951,0,0,0,-3.461315394,-3.247977966,0,0,0
83,ilrma-t-IP,3,10,3,0.634,1,10,1319794951,50,1,2.73818069,0.673512618,3.916431599,4.134828012,7.164409566,0.333333333
84,ilrma-t-iss-seq,3,10,3,0.634,1,10,1319794951,0,0,0,-3.461315394,-3.247977966,0,0,0
85,ilrma-t-iss-seq,3,10,3,0.634,1,10,1319794951,50,1,1.453891158,0.602221956,3.778863584,4.063537351,7.02684155,0.333333333
86,ilrma-t-iss-joint,3,10,3,0.634,1,10,1319794951,0,0,0,-3.461315394,-3.247977966,0,0,0
87,ilrma-t-iss-joint,3,10,3,0.634,1,10,1319794951,50,1,2.276422105,0.602221956,3.778863584,4.063537351,7.02684155,0.333333333
88,ilrma,3,10,3,0.634,1,10,1319794951,0,0,0,-3.461315394,-3.247977966,0,0,0
89,ilrma,3,10,3,0.634,1,10,1319794951,50,1,0.371968948,0.314628233,5.051547382,3.775943628,8.299525348,0.333333333
90,auxiva,3,10,3,0.634,1,10,1959836417,0,0,0,-3.562911746,-3.443672024,0,0,0
91,auxiva,3,10,3,0.634,1,10,1959836417,50,1,0.187321867,-6.433773567,-3.241866659,-2.870861821,0.201805365,0
92,ilrma-t-IP,3,10,3,0.634,1,10,1959836417,0,0,0,-3.562911746,-3.443672024,0,0,0
93,ilrma-t-IP,3,10,3,0.634,1,10,1959836417,50,1,2.657724545,-0.017088005,2.942601977,3.545823742,6.386274001,0.333333333
94,ilrma-t-iss-seq,3,10,3,0.634,1,10,1959836417,0,0,0,-3.562911746,-3.443672024,0,0,0
95,ilrma-t-iss-seq,3,10,3,0.634,1,10,1959836417,50,1,1.475721876,0.007968375,3.002631203,3.570880121,6.446303227,0.333333333
96,ilrma-t-iss-joint,3,10,3,0.634,1,10,1959836417,0,0,0,-3.562911746,-3.443672024,0,0,0
97,ilrma-t-iss-joint,3,10,3,0.634,1,10,1959836417,50,1,2.327681343,0.007968375,3.002631203,3.570880121,6.446303227,0.333333333
98,ilrma,3,10,3,0.634,1,10,1959836417,0,0,0,-3.562911746,-3.443672024,0,0,0
99,ilrma,3,10,3,0.634,1,10,1959836417,50,1,0.405669048,-0.084634481,2.876966433,3.478277265,6.320638458,0.333333333
100,auxiva,3,10,3,0.634,1,10,410361373,0,0,0,-3.605900679,-3.486637606,0,0,0
101,auxiva,3,10,3,0.634,1,10,410361373,50,1,0.19774226,0.933579143,3.750517702,4.539479823,7.237155308,0.333333333
102,ilrma-t-IP,3,10,3,0.634,1,10,410361373,0,0,0,-3.605900679,-3.486637606,0,0,0
103,ilrma-t-IP,3,10,3,0.634,1,10,410361373,50,1,2.824074803,0.944668508,3.750717563,4.550569187,7.237355168,0.333333333
104,ilrma-t-iss-seq,3,10,3,0.634,1,10,410361373,0,0,0,-3.605900679,-3.486637606,0,0,0
105,ilrma-t-iss-seq,3,10,3,0.634,1,10,410361373,50,1,1.447034744,0.944831643,3.752712953,4.550732322,7.239350558,0.333333333
106,ilrma-t-iss-joint,3,10,3,0.634,1,10,410361373,0,0,0,-3.605900679,-3.486637606,0,0,0
107,ilrma-t-iss-joint,3,10,3,0.634,1,10,410361373,50,1,2.309018817,0.944831643,3.752712953,4.550732322,7.239350558,0.333333333
108,ilrma,3,10,3,0.634,1,10,410361373,0,0,0,-3.605900679,-3.486637606,0,0,0
109,ilrma,3,10,3,0.634,1,10,410361373,50,1,0.370458287,0.726595204,3.886457937,4.332495883,7.373095542,0.333333333
110,auxiva,3,10,3,0.634,1,10,1712592594,0,0,0,-3.636055527,-3.551570861,0,0,0
111,auxiva,3,10,3,0.634,1,10,1712592594,50,1,0.18638742,-0.476759145,2.538197565,3.159296382,6.089768425,0.333333333
112,ilrma-t-IP,3,10,3,0.634,1,10,1712592594,0,0,0,-3.636055527,-3.551570861,0,0,0
113,ilrma-t-IP,3,10,3,0.634,1,10,1712592594,50,1,2.707433029,-0.160132283,2.61371572,3.475923244,6.16528658,0.333333333
114,ilrma-t-iss-seq,3,10,3,0.634,1,10,1712592594,0,0,0,-3.636055527,-3.551570861,0,0,0
115,ilrma-t-iss-seq,3,10,3,0.634,1,10,1712592594,50,1,1.41577307,0.773263189,4.048735354,4.409318716,7.600306215,0.333333333
116,ilrma-t-iss-joint,3,10,3,0.634,1,10,1712592594,0,0,0,-3.636055527,-3.551570861,0,0,0
117,ilrma-t-iss-joint,3,10,3,0.634,1,10,1712592594,50,1,2.234759699,0.773263189,4.048735354,4.409318716,7.600306215,0.333333333
118,ilrma,3,10,3,0.634,1,10,1712592594,0,0,0,-3.636055527,-3.551570861,0,0,0
119,ilrma,3,10,3,0.634,1,10,1712592594,50,1,0.375831434,0.647709356,3.746923874,4.283764883,7.298494734,0.333333333
120,auxiva,3,10,3,0.634,1,10,290876773,0,0,0,-3.63912035,-3.48704465,0,0,0
121,auxiva,3,10,3,0.634,1,10,290876773,50,1,0.187153458,0.416990246,3.604283173,4.056110596,7.091327824,0.333333333
122,ilrma-t-IP,3,10,3,0.634,1,10,290876773,0,0,0,-3.63912035,-3.48704465,0,0,0
123,ilrma-t-IP,3,10,3,0.634,1,10,290876773,50,1,2.61519644,0.400819288,3.939741263,4.039939638,7.426785913,0.333333333
124,ilrma-t-iss-seq,3,10,3,0.634,1,10,290876773,0,0,0,-3.63912035,-3.48704465,0,0,0
125,ilrma-t-iss-seq,3,10,3,0.634,1,10,290876773,50,1,1.442730727,0.392072806,3.957598041,4.031193156,7.444642691,0.333333333
126,ilrma-t-iss-joint,3,10,3,0.634,1,10,290876773,0,0,0,-3.63912035,-3.48704465,0,0,0
127,ilrma-t-iss-joint,3,10,3,0.634,1,10,290876773,50,1,2.248904638,0.392072806,3.957598041,4.031193156,7.444642691,0.333333333
128,ilrma,3,10,3,0.634,1,10,290876773,0,0,0,-3.63912035,-3.48704465,0,0,0
129,ilrma,3,10,3,0.634,1,10,290876773,50,1,0.368783416,-0.574315137,4.506558825,3.064805213,7.993603475,0.333333333
130,auxiva,3,10,3,0.634,1,10,1069045865,0,0,0,-3.521761879,-3.395368431,0,0,0
131,auxiva,3,10,3,0.634,1,10,1069045865,50,1,0.198792227,0.207085375,3.327842467,3.728847255,6.723210898,0.333333333
132,ilrma-t-IP,3,10,3,0.634,1,10,1069045865,0,0,0,-3.521761879,-3.395368431,0,0,0
133,ilrma-t-IP,3,10,3,0.634,1,10,1069045865,50,1,2.598741563,-6.018512418,5.769564536,-2.496750539,9.164932967,0.666666667
134,ilrma-t-iss-seq,3,10,3,0.634,1,10,1069045865,0,0,0,-3.521761879,-3.395368431,0,0,0
135,ilrma-t-iss-seq,3,10,3,0.634,1,10,1069045865,50,1,1.430566038,-5.963236082,5.82835459,-2.441474203,9.223723022,0.666666667
136,ilrma-t-iss-joint,3,10,3,0.634,1,10,1069045865,0,0,0,-3.521761879,-3.395368431,0,0,0
137,ilrma-t-iss-joint,3,10,3,0.634,1,10,1069045865,50,1,2.303893285,-5.963236082,5.82835459,-2.441474203,9.223723022,0.666666667
138,ilrma,3,10,3,0.634,1,10,1069045865,0,0,0,-3.521761879,-3.395368431,0,0,0
139,ilrma,3,10,3,0.634,1,10,1069045865,50,1,0.369874771,-6.162651616,6.777414001,-2.640889736,10.17278243,0.666666667
140,auxiva,3,10,3,0.634,1,0,1282922662,0,0,0,-6.94771602,-6.803622358,0,0,0
141,auxiva,3,10,3,0.634,1,0,1282922662,50,1,0.186947388,-5.325263961,-2.545614178,1.622452059,4.25800818,0.333333333
142,ilrma-t-IP,3,10,3,0.634,1,0,1282922662,0,0,0,-6.94771602,-6.803622358,0,0,0
143,ilrma-t-IP,3,10,3,0.634,1,0,1282922662,50,1,2.728437675,-12.35090269,-1.255981515,-5.403186671,5.547640843,0.333333333
144,ilrma-t-iss-seq,3,10,3,0.634,1,0,1282922662,0,0,0,-6.94771602,-6.803622358,0,0,0
145,ilrma-t-iss-seq,3,10,3,0.634,1,0,1282922662,50,1,1.479617795,-12.74214437,-1.735793452,-5.794428352,5.067828907,0.333333333
146,ilrma-t-iss-joint,3,10,3,0.634,1,0,1282922662,0,0,0,-6.94771602,-6.803622358,0,0,0
147,ilrma-t-iss-joint,3,10,3,0.634,1,0,1282922662,50,1,2.356692516,-12.74214437,-1.735793452,-5.794428352,5.067828907,0.333333333
148,ilrma,3,10,3,0.634,1,0,1282922662,0,0,0,-6.94771602,-6.803622358,0,0,0
149,ilrma,3,10,3,0.634,1,0,1282922662,50,1,0.372816641,-12.8776336,-1.793744681,-5.929917581,5.009877678,0.333333333
150,auxiva,3,10,3,0.634,1,0,1675701733,0,0,0,-6.884742733,-6.785010626,0,0,0
151,auxiva,3,10,3,0.634,1,0,1675701733,50,1,0.186559045,-5.461658513,-2.77869439,1.42308422,4.006316236,0
152,ilrma-t-IP,3,10,3,0.634,1,0,1675701733,0,0,0,-6.884742733,-6.785010626,0,0,0
153,ilrma-t-IP,3,10,3,0.634,1,0,1675701733,50,1,2.610932765,-11.89771481,-1.697924308,-5.012972077,5.087086317,0.333333333
154,ilrma-t-iss-seq,3,10,3,0.634,1,0,1675701733,0,0,0,-6.884742733,-6.785010626,0,0,0
155,ilrma-t-iss-seq,3,10,3,0.634,1,0,1675701733,50,1,1.437032219,-4.703221729,-2.274844518,2.181521004,4.510166108,0
156,ilrma-t-iss-joint,3,10,3,0.634,1,0,1675701733,0,0,0,-6.884742733,-6.785010626,0,0,0
157,ilrma-t-iss-joint,3,10,3,0.634,1,0,1675701733,50,1,2.249036717,-4.703221729,-2.274844518,2.181521004,4.510166108,0
158,ilrma,3,10,3,0.634,1,0,1675701733,0,0,0,-6.884742733,-6.785010626,0,0,0
159,ilrma,3,10,3,0.634,1,0,1675701733,50,1,0.370515981,-13.65607828,-3.456353112,-6.771335547,3.328657513,0.333333333
160,auxiva,3,10,3,0.634,1,0,1685103474,0,0,0,-6.86059292,-6.702786701,0,0,0
161,auxiva,3,10,3,0.634,1,0,1685103474,50,1,0.186252403,-12.38506821,-3.341232543,-5.524475294,3.361554158,0
162,ilrma-t-IP,3,10,3,0.634,1,0,1685103474,0,0,0,-6.86059292,-6.702786701,0,0,0
163,ilrma-t-IP,3,10,3,0.634,1,0,1685103474,50,1,2.760488729,-11.8538606,-1.489211791,-4.993267683,5.213574909,0.333333333
164,ilrma-t-iss-seq,3,10,3,0.634,1,0,1685103474,0,0,0,-6.86059292,-6.702786701,0,0,0
165,ilrma-t-iss-seq,3,10,3,0.634,1,0,1685103474,50,1,1.434511427,-12.85567306,-2.393340125,-5.99508014,4.309446576,0
166,ilrma-t-iss-joint,3,10,3,0.634,1,0,1685103474,0,0,0,-6.86059292,-6.702786701,0,0,0
167,ilrma-t-iss-joint,3,10,3,0.634,1,0,1685103474,50,1,2.285037187,-12.85567306,-2.393340125,-5.99508014,4.309446576,0
168,ilrma,3,10,3,0.634,1,0,1685103474,0,0,0,-6.86059292,-6.702786701,0,0,0
169,ilrma,3,10,3,0.634,1,0,1685103474,50,1,0.370663,-12.77355534,-2.844290012,-5.912962422,3.858496688,0.333333333
170,auxiva,3,10,3,0.634,1,0,115061003,0,0,0,-6.945377301,-6.823711778,0,0,0
171,auxiva,3,10,3,0.634,1,0,115061003,50,1,0.187354611,-4.820516065,-2.044433942,2.124861236,4.779277836,0.333333333
172,ilrma-t-IP,3,10,3,0.634,1,0,115061003,0,0,0,-6.945377301,-6.823711778,0,0,0
173,ilrma-t-IP,3,10,3,0.634,1,0,115061003,50,1,2.716416946,-4.558290321,-1.942916594,2.387086981,4.880795184,0.333333333
174,ilrma-t-iss-seq,3,10,3,0.634,1,0,115061003,0,0,0,-6.945377301,-6.823711778,0,0,0
175,ilrma-t-iss-seq,3,10,3,0.634,1,0,115061003,50,1,1.44008026,-4.743528997,-1.976528586,2.201848305,4.847183192,0.333333333
176,ilrma-t-iss-joint,3,10,3,0.634,1,0,115061003,0,0,0,-6.945377301,-6.823711778,0,0,0
177,ilrma-t-iss-joint,3,10,3,0.634,1,0,115061003,50,1,2.274854136,-4.743528997,-1.976528586,2.201848305,4.847183192,0.333333333
178,ilrma,3,10,3,0.634,1,0,115061003,0,0,0,-6.945377301,-6.823711778,0,0,0
179,ilrma,3,10,3,0.634,1,0,115061003,50,1,0.371227768,-6.973103876,-3.14961293,-0.027726575,3.674098848,0.333333333
180,auxiva,3,10,3,0.634,1,0,1063926992,0,0,0,-7.081305976,-6.937814076,0,0,0
181,auxiva,3,10,3,0.634,1,0,1063926992,50,1,0.185446186,-6.409154449,-3.725271293,0.672151527,3.212542784,0
182,ilrma-t-IP,3,10,3,0.634,1,0,1063926992,0,0,0,-7.081305976,-6.937814076,0,0,0
183,ilrma-t-IP,3,10,3,0.634,1,0,1063926992,50,1,2.671844492,-12.95198218,-2.883723231,-5.870676202,4.054090845,0.333333333
184,ilrma-t-iss-seq,3,10,3,0.634,1,0,1063926992,0,0,0,-7.081305976,-6.937814076,0,0,0
185,ilrma-t-iss-seq,3,10,3,0.634,1,0,1063926992,50,1,1.443321353,-13.09673554,-3.27262974,-6.015429562,3.665184337,0.333333333
186,ilrma-t-iss-joint,3,10,3,0.634,1,0,1063926992,0,0,0,-7.081305976,-6.937814076,0,0,0
187,ilrma-t-iss-joint,3,10,3,0.634,1,0,1063926992,50,1,2.271745069,-13.09673554,-3.27262974,-6.015429562,3.665184337,0.333333333
188,ilrma,3,10,3,0.634,1,0,1063926992,0,0,0,-7.081305976,-6.937814076,0,0,0
189,ilrma,3,10,3,0.634,1,0,1063926992,50,1,0.370358058,-11.88186465,-1.746323193,-4.800558674,5.191490883,0.333333333
190,auxiva,3,10,3,0.634,1,10,115061003,0,0,0,-3.622048178,-3.51317746,0,0,0
191,auxiva,3,10,3,0.634,1,10,115061003,50,1,0.185344012,0.316516219,3.374823011,3.938564397,6.888000471,0.333333333
192,ilrma-t-IP,3,10,3,0.634,1,10,115061003,0,0,0,-3.622048178,-3.51317746,0,0,0
193,ilrma-t-IP,3,10,3,0.634,1,10,115061003,50,1,2.712270225,0.509476404,3.450241967,4.131524582,6.963419427,0.333333333
194,ilrma-t-iss-seq,3,10,3,0.634,1,10,115061003,0,0,0,-3.622048178,-3.51317746,0,0,0
195,ilrma-t-iss-seq,3,10,3,0.634,1,10,115061003,50,1,1.443920446,0.535731151,3.520745421,4.157779329,7.033922881,0.333333333
196,ilrma-t-iss-joint,3,10,3,0.634,1,10,115061003,0,0,0,-3.622048178,-3.51317746,0,0,0
197,ilrma-t-iss-joint,3,10,3,0.634,1,10,115061003,50,1,2.300445306,0.535731151,3.520745421,4.157779329,7.033922881,0.333333333
198,ilrma,3,10,3,0.634,1,10,115061003,0,0,0,-3.622048178,-3.51317746,0,0,0
199,ilrma,3,10,3,0.634,1,10,115061003,50,1,0.370526952,0.368601078,3.704923679,3.990649256,7.218101138,0.333333333
200,auxiva,3,10,3,0.634,1,0,1981297353,0,0,0,-6.981151171,-6.869903304,0,0,0
201,auxiva,3,10,3,0.634,1,0,1981297353,50,1,0.1865873,-12.59493802,-2.243654495,-5.613786851,4.626248809,0
202,ilrma-t-IP,3,10,3,0.634,1,0,1981297353,0,0,0,-6.981151171,-6.869903304,0,0,0
203,ilrma-t-IP,3,10,3,0.634,1,0,1981297353,50,1,2.567125967,-14.06383748,-2.63811769,-7.082686304,4.231785614,0.333333333
204,ilrma-t-iss-seq,3,10,3,0.634,1,0,1981297353,0,0,0,-6.981151171,-6.869903304,0,0,0
205,ilrma-t-iss-seq,3,10,3,0.634,1,0,1981297353,50,1,1.433400122,-14.13863305,-2.326226885,-7.157481874,4.543676419,0.333333333
206,ilrma-t-iss-joint,3,10,3,0.634,1,0,1981297353,0,0,0,-6.981151171,-6.869903304,0,0,0
207,ilrma-t-iss-joint,3,10,3,0.634,1,0,1981297353,50,1,2.360863208,-14.13863305,-2.326226885,-7.157481874,4.543676419,0.333333333
208,ilrma,3,10,3,0.634,1,0,1981297353,0,0,0,-6.981151171,-6.869903304,0,0,0
209,ilrma,3,10,3,0.634,1,0,1981297353,50,1,0.37557054,-14.02486186,-0.964015824,-7.04371069,5.90588748,0.333333333
210,auxiva,3,10,3,0.634,1,0,1712592594,0,0,0,-6.922164553,-6.8071131,0,0,0
211,auxiva,3,10,3,0.634,1,0,1712592594,50,1,0.185222435,-4.543290689,-1.901716262,2.378873864,4.905396838,0.333333333
212,ilrma-t-IP,3,10,3,0.634,1,0,1712592594,0,0,0,-6.922164553,-6.8071131,0,0,0
213,ilrma-t-IP,3,10,3,0.634,1,0,1712592594,50,1,2.585415012,-13.57248902,-2.108423731,-6.650324467,4.698689368,0.333333333
214,ilrma-t-iss-seq,3,10,3,0.634,1,0,1712592594,0,0,0,-6.922164553,-6.8071131,0,0,0
215,ilrma-t-iss-seq,3,10,3,0.634,1,0,1712592594,50,1,1.551726404,-13.61070546,-1.831192904,-6.688540904,4.975920195,0.333333333
216,ilrma-t-iss-joint,3,10,3,0.634,1,0,1712592594,0,0,0,-6.922164553,-6.8071131,0,0,0
217,ilrma-t-iss-joint,3,10,3,0.634,1,0,1712592594,50,1,2.358309907,-13.61070546,-1.831192904,-6.688540904,4.975920195,0.333333333
218,ilrma,3,10,3,0.634,1,0,1712592594,0,0,0,-6.922164553,-6.8071131,0,0,0
219,ilrma,3,10,3,0.634,1,0,1712592594,50,1,0.36969291,-14.46211447,-2.686403564,-7.539949919,4.120709535,0.333333333
220,auxiva,3,10,3,0.634,1,0,789925284,0,0,0,-7.051620906,-6.907850909,0,0,0
221,auxiva,3,10,3,0.634,1,0,789925284,50,1,0.186732919,-6.214423152,-3.517202206,0.837197754,3.390648702,0
222,ilrma-t-IP,3,10,3,0.634,1,0,789925284,0,0,0,-7.051620906,-6.907850909,0,0,0
223,ilrma-t-IP,3,10,3,0.634,1,0,789925284,50,1,2.540728349,-5.270172707,-2.773534172,1.781448199,4.134316737,0
224,ilrma-t-iss-seq,3,10,3,0.634,1,0,789925284,0,0,0,-7.051620906,-6.907850909,0,0,0
225,ilrma-t-iss-seq,3,10,3,0.634,1,0,789925284,50,1,1.516824325,-5.57910078,-2.903548323,1.472520127,4.004302586,0.333333333
226,ilrma-t-iss-joint,3,10,3,0.634,1,0,789925284,0,0,0,-7.051620906,-6.907850909,0,0,0
227,ilrma-t-iss-joint,3,10,3,0.634,1,0,789925284,50,1,2.327921413,-5.57910078,-2.903548323,1.472520127,4.004302586,0.333333333
228,ilrma,3,10,3,0.634,1,0,789925284,0,0,0,-7.051620906,-6.907850909,0,0,0
229,ilrma,3,10,3,0.634,1,0,789925284,50,1,0.37239935,-7.019944761,-2.627870231,0.031676145,4.279980678,0.333333333
230,auxiva,3,10,3,0.634,1,0,671780907,0,0,0,-6.80321554,-6.671724824,0,0,0
231,auxiva,3,10,3,0.634,1,0,671780907,50,1,0.186782383,-14.00470786,-4.716395515,-7.201492317,1.955329309,0
232,ilrma-t-IP,3,10,3,0.634,1,0,671780907,0,0,0,-6.80321554,-6.671724824,0,0,0
233,ilrma-t-IP,3,10,3,0.634,1,0,671780907,50,1,2.699846403,-12.67401544,-2.555392835,-5.870799897,4.116331988,0.333333333
234,ilrma-t-iss-seq,3,10,3,0.634,1,0,671780907,0,0,0,-6.80321554,-6.671724824,0,0,0
235,ilrma-t-iss-seq,3,10,3,0.634,1,0,671780907,50,1,1.500109445,-6.688942341,-4.075486752,0.114273199,2.596238071,0
236,ilrma-t-iss-joint,3,10,3,0.634,1,0,671780907,0,0,0,-6.80321554,-6.671724824,0,0,0
237,ilrma-t-iss-joint,3,10,3,0.634,1,0,671780907,50,1,2.370484561,-6.688942341,-4.075486752,0.114273199,2.596238071,0
238,ilrma,3,10,3,0.634,1,0,671780907,0,0,0,-6.80321554,-6.671724824,0,0,0
239,ilrma,3,10,3,0.634,1,0,671780907,50,1,0.369319221,-12.58645088,-3.082176726,-5.783235342,3.589548098,0.333333333
240,auxiva,3,10,3,0.634,1,10,1251993226,0,0,0,-3.682769316,-3.585487485,0,0,0
241,auxiva,3,10,3,0.634,1,10,1251993226,50,1,0.198363629,0.373762565,3.668848367,4.056531881,7.254335852,0.333333333
242,ilrma-t-IP,3,10,3,0.634,1,10,1251993226,0,0,0,-3.682769316,-3.585487485,0,0,0
243,ilrma-t-IP,3,10,3,0.634,1,10,1251993226,50,1,2.56278878,0.432248376,3.744926346,4.115017691,7.330413831,0.333333333
244,ilrma-t-iss-seq,3,10,3,0.634,1,10,1251993226,0,0,0,-3.682769316,-3.585487485,0,0,0
245,ilrma-t-iss-seq,3,10,3,0.634,1,10,1251993226,50,1,1.477941768,0.440814315,3.756265568,4.123583631,7.341753053,0.333333333
246,ilrma-t-iss-joint,3,10,3,0.634,1,10,1251993226,0,0,0,-3.682769316,-3.585487485,0,0,0
247,ilrma-t-iss-joint,3,10,3,0.634,1,10,1251993226,50,1,2.288710259,0.440814315,3.756265568,4.123583631,7.341753053,0.333333333
248,ilrma,3,10,3,0.634,1,10,1251993226,0,0,0,-3.682769316,-3.585487485,0,0,0
249,ilrma,3,10,3,0.634,1,10,1251993226,50,1,0.371209561,0.610541417,4.278891479,4.293310732,7.864378964,0.333333333
250,auxiva,3,10,3,0.634,1,0,170765737,0,0,0,-7.065652095,-6.893598278,0,0,0
251,auxiva,3,10,3,0.634,1,0,170765737,50,1,0.18558977,-5.851342563,-3.17837314,1.214309532,3.715225138,0
252,ilrma-t-IP,3,10,3,0.634,1,0,170765737,0,0,0,-7.065652095,-6.893598278,0,0,0
253,ilrma-t-IP,3,10,3,0.634,1,0,170765737,50,1,2.712707661,-5.409545844,-2.882475744,1.65610625,4.011122534,0
254,ilrma-t-iss-seq,3,10,3,0.634,1,0,170765737,0,0,0,-7.065652095,-6.893598278,0,0,0
255,ilrma-t-iss-seq,3,10,3,0.634,1,0,170765737,50,1,1.454026423,-4.967405781,-2.317954501,2.098246313,4.575643778,0.333333333
256,ilrma-t-iss-joint,3,10,3,0.634,1,0,170765737,0,0,0,-7.065652095,-6.893598278,0,0,0
257,ilrma-t-iss-joint,3,10,3,0.634,1,0,170765737,50,1,2.302455605,-4.967405781,-2.317954501,2.098246313,4.575643778,0.333333333
258,ilrma,3,10,3,0.634,1,0,170765737,0,0,0,-7.065652095,-6.893598278,0,0,0
259,ilrma,3,10,3,0.634,1,0,170765737,50,1,0.36959248,-8.656880695,2.752879734,-1.5912286,9.646478013,0.333333333
260,auxiva,3,10,3,0.634,1,0,1959836417,0,0,0,-6.952810471,-6.852311899,0,0,0
261,auxiva,3,10,3,0.634,1,0,1959836417,50,1,0.185782479,-8.949364453,-6.345806723,-1.996553983,0.506505176,0
262,ilrma-t-IP,3,10,3,0.634,1,0,1959836417,0,0,0,-6.952810471,-6.852311899,0,0,0
263,ilrma-t-IP,3,10,3,0.634,1,0,1959836417,50,1,2.621669495,-5.541137062,-2.941440791,1.411673409,3.910871107,0
264,ilrma-t-iss-seq,3,10,3,0.634,1,0,1959836417,0,0,0,-6.952810471,-6.852311899,0,0,0
265,ilrma-t-iss-seq,3,10,3,0.634,1,0,1959836417,50,1,1.456647497,-5.213044823,-2.523532209,1.739765647,4.32877969,0.333333333
266,ilrma-t-iss-joint,3,10,3,0.634,1,0,1959836417,0,0,0,-6.952810471,-6.852311899,0,0,0
267,ilrma-t-iss-joint,3,10,3,0.634,1,0,1959836417,50,1,2.300943025,-5.213044823,-2.523532209,1.739765647,4.32877969,0.333333333
268,ilrma,3,10,3,0.634,1,0,1959836417,0,0,0,-6.952810471,-6.852311899,0,0,0
269,ilrma,3,10,3,0.634,1,0,1959836417,50,1,0.373110126,-8.900885189,-6.571604486,-1.948074719,0.280707413,0
270,auxiva,3,10,3,0.634,1,10,878579710,0,0,0,-3.548773444,-3.45992407,0,0,0
271,auxiva,3,10,3,0.634,1,10,878579710,50,1,0.186132522,-0.821088226,2.828424579,2.727685218,6.288348649,0.333333333
272,ilrma-t-IP,3,10,3,0.634,1,10,878579710,0,0,0,-3.548773444,-3.45992407,0,0,0
273,ilrma-t-IP,3,10,3,0.634,1,10,878579710,50,1,2.699065942,-0.438668685,3.152648019,3.110104758,6.612572089,0.333333333
274,ilrma-t-iss-seq,3,10,3,0.634,1,10,878579710,0,0,0,-3.548773444,-3.45992407,0,0,0
275,ilrma-t-iss-seq,3,10,3,0.634,1,10,878579710,50,1,1.497736301,-0.442329668,3.174736485,3.106443776,6.634660556,0.333333333
276,ilrma-t-iss-joint,3,10,3,0.634,1,10,878579710,0,0,0,-3.548773444,-3.45992407,0,0,0
277,ilrma-t-iss-joint,3,10,3,0.634,1,10,878579710,50,1,2.316731249,-0.442329668,3.174736485,3.106443776,6.634660556,0.333333333
278,ilrma,3,10,3,0.634,1,10,878579710,0,0,0,-3.548773444,-3.45992407,0,0,0
279,ilrma,3,10,3,0.634,1,10,878579710,50,1,0.370505572,-2.052288914,3.407738864,1.49648453,6.867662934,0.333333333
280,auxiva,3,10,3,0.634,1,10,671780907,0,0,0,-3.542810134,-3.440648559,0,0,0
281,auxiva,3,10,3,0.634,1,10,671780907,50,1,0.186019199,-2.084678787,1.137289618,1.458131347,4.577938177,0.666666667
282,ilrma-t-IP,3,10,3,0.634,1,10,671780907,0,0,0,-3.542810134,-3.440648559,0,0,0
283,ilrma-t-IP,3,10,3,0.634,1,10,671780907,50,1,2.729454842,-0.994366776,2.105687593,2.548443358,5.546336153,0.666666667
284,ilrma-t-iss-seq,3,10,3,0.634,1,10,671780907,0,0,0,-3.542810134,-3.440648559,0,0,0
285,ilrma-t-iss-seq,3,10,3,0.634,1,10,671780907,50,1,1.445939349,-0.931759901,2.20041702,2.611050233,5.64106558,0.666666667
286,ilrma-t-iss-joint,3,10,3,0.634,1,10,671780907,0,0,0,-3.542810134,-3.440648559,0,0,0
287,ilrma-t-iss-joint,3,10,3,0.634,1,10,671780907,50,1,2.293740417,-0.931759901,2.20041702,2.611050233,5.64106558,0.666666667
288,ilrma,3,10,3,0.634,1,10,671780907,0,0,0,-3.542810134,-3.440648559,0,0,0
289,ilrma,3,10,3,0.634,1,10,671780907,50,1,0.370485974,-2.592526245,1.52619823,0.950283889,4.966846789,0.333333333
290,auxiva,3,10,3,0.634,1,10,170765737,0,0,0,-3.672212287,-3.507328739,0,0,0
291,auxiva,3,10,3,0.634,1,10,170765737,50,1,0.185770678,-1.075035555,2.389678207,2.597176732,5.897006946,0.333333333
292,ilrma-t-IP,3,10,3,0.634,1,10,170765737,0,0,0,-3.672212287,-3.507328739,0,0,0
293,ilrma-t-IP,3,10,3,0.634,1,10,170765737,50,1,2.712648029,-0.302899829,2.95589657,3.369312458,6.463225309,0.333333333
294,ilrma-t-iss-seq,3,10,3,0.634,1,10,170765737,0,0,0,-3.672212287,-3.507328739,0,0,0
295,ilrma-t-iss-seq,3,10,3,0.634,1,10,170765737,50,1,1.437685151,-0.347867732,2.957047046,3.324344555,6.464375784,0.333333333
296,ilrma-t-iss-joint,3,10,3,0.634,1,10,170765737,0,0,0,-3.672212287,-3.507328739,0,0,0
297,ilrma-t-iss-joint,3,10,3,0.634,1,10,170765737,50,1,2.31768582,-0.347867732,2.957047046,3.324344555,6.464375784,0.333333333
298,ilrma,3,10,3,0.634,1,10,170765737,0,0,0,-3.672212287,-3.507328739,0,0,0
299,ilrma,3,10,3,0.634,1,10,170765737,50,1,0.369573317,-0.044111421,3.497090388,3.628100866,7.004419126,0.333333333
300,auxiva,3,10,3,0.634,1,0,410361373,0,0,0,-6.934676746,-6.802099027,0,0,0
301,auxiva,3,10,3,0.634,1,0,410361373,50,1,0.189831891,-4.374101483,-1.838436707,2.560575264,4.96366232,0.333333333
302,ilrma-t-IP,3,10,3,0.634,1,0,410361373,0,0,0,-6.934676746,-6.802099027,0,0,0
303,ilrma-t-IP,3,10,3,0.634,1,0,410361373,50,1,2.702276044,-12.16949696,-1.365405295,-5.234820218,5.436693732,0.333333333
304,ilrma-t-iss-seq,3,10,3,0.634,1,0,410361373,0,0,0,-6.934676746,-6.802099027,0,0,0
305,ilrma-t-iss-seq,3,10,3,0.634,1,0,410361373,50,1,1.43038985,-12.23658207,-1.428068153,-5.301905327,5.374030874,0.333333333
306,ilrma-t-iss-joint,3,10,3,0.634,1,0,410361373,0,0,0,-6.934676746,-6.802099027,0,0,0
307,ilrma-t-iss-joint,3,10,3,0.634,1,0,410361373,50,1,2.261843463,-12.23658207,-1.428068153,-5.301905327,5.374030874,0.333333333
308,ilrma,3,10,3,0.634,1,0,410361373,0,0,0,-6.934676746,-6.802099027,0,0,0
309,ilrma,3,10,3,0.634,1,0,410361373,50,1,0.369413992,-11.82351196,-0.944223984,-4.88883521,5.857875043,0.333333333
310,auxiva,3,10,3,0.634,1,10,1402032510,0,0,0,-3.704705603,-3.581979451,0,0,0
311,auxiva,3,10,3,0.634,1,10,1402032510,50,1,0.185599616,0.957938347,4.133712692,4.662643951,7.715692143,0.333333333
312,ilrma-t-IP,3,10,3,0.634,1,10,1402032510,0,0,0,-3.704705603,-3.581979451,0,0,0
313,ilrma-t-IP,3,10,3,0.634,1,10,1402032510,50,1,2.67382376,0.965811327,4.215018252,4.67051693,7.796997704,0.333333333
314,ilrma-t-iss-seq,3,10,3,0.634,1,10,1402032510,0,0,0,-3.704705603,-3.581979451,0,0,0
315,ilrma-t-iss-seq,3,10,3,0.634,1,10,1402032510,50,1,1.438969498,0.96735946,4.225961458,4.672065063,7.807940909,0.333333333
316,ilrma-t-iss-joint,3,10,3,0.634,1,10,1402032510,0,0,0,-3.704705603,-3.581979451,0,0,0
317,ilrma-t-iss-joint,3,10,3,0.634,1,10,1402032510,50,1,2.263911211,0.96735946,4.225961458,4.672065063,7.807940909,0.333333333
318,ilrma,3,10,3,0.634,1,10,1402032510,0,0,0,-3.704705603,-3.581979451,0,0,0
319,ilrma,3,10,3,0.634,1,10,1402032510,50,1,0.368780979,0.690611332,4.877742459,4.395316935,8.459721911,0.333333333
320,auxiva,3,10,3,0.634,1,0,657890619,0,0,0,-6.89531936,-6.746105796,0,0,0
321,auxiva,3,10,3,0.634,1,0,657890619,50,1,0.188644932,-14.07132768,-3.650219526,-7.176008318,3.09588627,0.333333333
322,ilrma-t-IP,3,10,3,0.634,1,0,657890619,0,0,0,-6.89531936,-6.746105796,0,0,0
323,ilrma-t-IP,3,10,3,0.634,1,0,657890619,50,1,2.632775381,-13.99171824,-1.997001981,-7.096398884,4.749103815,0.333333333
324,ilrma-t-iss-seq,3,10,3,0.634,1,0,657890619,0,0,0,-6.89531936,-6.746105796,0,0,0
325,ilrma-t-iss-seq,3,10,3,0.634,1,0,657890619,50,1,1.439315103,-14.13323219,-1.712860442,-7.237912832,5.033245354,0.333333333
326,ilrma-t-iss-joint,3,10,3,0.634,1,0,657890619,0,0,0,-6.89531936,-6.746105796,0,0,0
327,ilrma-t-iss-joint,3,10,3,0.634,1,0,657890619,50,1,2.272529241,-14.13323219,-1.712860442,-7.237912832,5.033245354,0.333333333
328,ilrma,3,10,3,0.634,1,0,657890619,0,0,0,-6.89531936,-6.746105796,0,0,0
329,ilrma,3,10,3,0.634,1,0,657890619,50,1,0.369932609,-13.14736516,-2.376995263,-6.252045801,4.369110533,0.333333333
330,auxiva,3,10,3,0.634,1,0,1983958385,0,0,0,-6.999651254,-6.864490497,0,0,0
331,auxiva,3,10,3,0.634,1,0,1983958385,50,1,0.186656849,-12.58647353,-2.627718338,-5.586822275,4.236772159,0.333333333
332,ilrma-t-IP,3,10,3,0.634,1,0,1983958385,0,0,0,-6.999651254,-6.864490497,0,0,0
333,ilrma-t-IP,3,10,3,0.634,1,0,1983958385,50,1,2.668811012,-12.51751493,-0.489152306,-5.517863674,6.375338191,0.333333333
334,ilrma-t-iss-seq,3,10,3,0.634,1,0,1983958385,0,0,0,-6.999651254,-6.864490497,0,0,0
335,ilrma-t-iss-seq,3,10,3,0.634,1,0,1983958385,50,1,1.431732569,-16.05218508,-4.582737884,-9.05253383,2.281752613,0
336,ilrma-t-iss-joint,3,10,3,0.634,1,0,1983958385,0,0,0,-6.999651254,-6.864490497,0,0,0
337,ilrma-t-iss-joint,3,10,3,0.634,1,0,1983958385,50,1,2.252125762,-16.05218508,-4.582737884,-9.05253383,2.281752613,0
338,ilrma,3,10,3,0.634,1,0,1983958385,0,0,0,-6.999651254,-6.864490497,0,0,0
339,ilrma,3,10,3,0.634,1,0,1983958385,50,1,0.369971511,-10.48707681,-1.391865246,-3.487425551,5.47262525,0.333333333
340,auxiva,3,10,3,0.634,1,0,290876773,0,0,0,-6.950038981,-6.855915896,0,0,0
341,auxiva,3,10,3,0.634,1,0,290876773,50,1,0.186627435,-4.727221401,-2.069012049,2.22281758,4.786903848,0.333333333
342,ilrma-t-IP,3,10,3,0.634,1,0,290876773,0,0,0,-6.950038981,-6.855915896,0,0,0
343,ilrma-t-IP,3,10,3,0.634,1,0,290876773,50,1,2.620751296,-4.575213053,-1.72780926,2.374825928,5.128106636,0.333333333
344,ilrma-t-iss-seq,3,10,3,0.634,1,0,290876773,0,0,0,-6.950038981,-6.855915896,0,0,0
345,ilrma-t-iss-seq,3,10,3,0.634,1,0,290876773,50,1,1.439919422,-4.618101761,-1.593978765,2.33193722,5.261937131,0.333333333
346,ilrma-t-iss-joint,3,10,3,0.634,1,0,290876773,0,0,0,-6.950038981,-6.855915896,0,0,0
347,ilrma-t-iss-joint,3,10,3,0.634,1,0,290876773,50,1,2.398258586,-4.618101761,-1.593978765,2.33193722,5.261937131,0.333333333
348,ilrma,3,10,3,0.634,1,0,290876773,0,0,0,-6.950038981,-6.855915896,0,0,0
349,ilrma,3,10,3,0.634,1,0,290876773,50,1,0.370289222,-7.364861963,-2.557040936,-0.414822982,4.29887496,0.333333333
350,auxiva,3,10,3,0.634,1,0,659577591,0,0,0,-6.982599566,-6.897856485,0,0,0
351,auxiva,3,10,3,0.634,1,0,659577591,50,1,0.186798754,-13.24716637,-4.151572722,-6.264566802,2.746283763,0
352,ilrma-t-IP,3,10,3,0.634,1,0,659577591,0,0,0,-6.982599566,-6.897856485,0,0,0
353,ilrma-t-IP,3,10,3,0.634,1,0,659577591,50,1,2.655643236,-12.81824952,-2.442759734,-5.835649953,4.455096751,0
354,ilrma-t-iss-seq,3,10,3,0.634,1,0,659577591,0,0,0,-6.982599566,-6.897856485,0,0,0
355,ilrma-t-iss-seq,3,10,3,0.634,1,0,659577591,50,1,1.509472461,-13.05379067,-2.909604227,-6.0711911,3.988252258,0
356,ilrma-t-iss-joint,3,10,3,0.634,1,0,659577591,0,0,0,-6.982599566,-6.897856485,0,0,0
357,ilrma-t-iss-joint,3,10,3,0.634,1,0,659577591,50,1,2.359959181,-13.05379067,-2.909604227,-6.0711911,3.988252258,0
358,ilrma,3,10,3,0.634,1,0,659577591,0,0,0,-6.982599566,-6.897856485,0,0,0
359,ilrma,3,10,3,0.634,1,0,659577591,50,1,0.370091269,-13.95627651,-3.497109773,-6.973676945,3.400746711,0.333333333
360,auxiva,3,10,3,0.634,1,0,561383553,0,0,0,-7.013221804,-6.843624756,0,0,0
361,auxiva,3,10,3,0.634,1,0,561383553,50,1,0.186308501,-6.918026894,-4.207089735,0.09519491,2.636535021,0
362,ilrma-t-IP,3,10,3,0.634,1,0,561383553,0,0,0,-7.013221804,-6.843624756,0,0,0
363,ilrma-t-IP,3,10,3,0.634,1,0,561383553,50,1,2.621167009,-14.20970007,-4.494538522,-7.196478269,2.349086234,0
364,ilrma-t-iss-seq,3,10,3,0.634,1,0,561383553,0,0,0,-7.013221804,-6.843624756,0,0,0
365,ilrma-t-iss-seq,3,10,3,0.634,1,0,561383553,50,1,1.511276564,-6.767753459,-3.317949917,0.245468345,3.525674839,0.333333333
366,ilrma-t-iss-joint,3,10,3,0.634,1,0,561383553,0,0,0,-7.013221804,-6.843624756,0,0,0
367,ilrma-t-iss-joint,3,10,3,0.634,1,0,561383553,50,1,2.350223735,-6.767753459,-3.317949917,0.245468345,3.525674839,0.333333333
368,ilrma,3,10,3,0.634,1,0,561383553,0,0,0,-7.013221804,-6.843624756,0,0,0
369,ilrma,3,10,3,0.634,1,0,561383553,50,1,0.36953425,-7.365162366,-0.746207454,-0.351940562,6.097417302,0.333333333
370,auxiva,3,10,3,0.634,1,10,1605979227,0,0,0,-3.684780295,-3.567352631,0,0,0
371,auxiva,3,10,3,0.634,1,10,1605979227,50,1,0.18593673,0.387098835,3.371820714,4.07187913,6.939173345,0.666666667
372,ilrma-t-IP,3,10,3,0.634,1,10,1605979227,0,0,0,-3.684780295,-3.567352631,0,0,0
373,ilrma-t-IP,3,10,3,0.634,1,10,1605979227,50,1,2.63089637,0.35864404,3.368957915,4.043424334,6.936310545,0.333333333
374,ilrma-t-iss-seq,3,10,3,0.634,1,10,1605979227,0,0,0,-3.684780295,-3.567352631,0,0,0
375,ilrma-t-iss-seq,3,10,3,0.634,1,10,1605979227,50,1,1.552463578,0.355198565,3.388624012,4.039978859,6.955976643,0.333333333
376,ilrma-t-iss-joint,3,10,3,0.634,1,10,1605979227,0,0,0,-3.684780295,-3.567352631,0,0,0
377,ilrma-t-iss-joint,3,10,3,0.634,1,10,1605979227,50,1,2.335388431,0.355198565,3.388624012,4.039978859,6.955976643,0.333333333
378,ilrma,3,10,3,0.634,1,10,1605979227,0,0,0,-3.684780295,-3.567352631,0,0,0
379,ilrma,3,10,3,0.634,1,10,1605979227,50,1,0.369794637,0.47206221,4.021543974,4.156842505,7.588896605,0.333333333
380,auxiva,3,10,3,0.634,1,0,665605494,0,0,0,-6.956175766,-6.824366446,0,0,0
381,auxiva,3,10,3,0.634,1,0,665605494,50,1,0.18695816,-4.780579454,-2.114004228,2.175596313,4.710362217,0.333333333
382,ilrma-t-IP,3,10,3,0.634,1,0,665605494,0,0,0,-6.956175766,-6.824366446,0,0,0
383,ilrma-t-IP,3,10,3,0.634,1,0,665605494,50,1,2.657282732,-4.464414147,-2.000546865,2.491761619,4.823819581,0.333333333
384,ilrma-t-iss-seq,3,10,3,0.634,1,0,665605494,0,0,0,-6.956175766,-6.824366446,0,0,0
385,ilrma-t-iss-seq,3,10,3,0.634,1,0,665605494,50,1,1.47736877,-4.551102275,-1.862824202,2.405073492,4.961542244,0.333333333
386,ilrma-t-iss-joint,3,10,3,0.634,1,0,665605494,0,0,0,-6.956175766,-6.824366446,0,0,0
387,ilrma-t-iss-joint,3,10,3,0.634,1,0,665605494,50,1,2.304055382,-4.551102275,-1.862824202,2.405073492,4.961542244,0.333333333
388,ilrma,3,10,3,0.634,1,0,665605494,0,0,0,-6.956175766,-6.824366446,0,0,0
389,ilrma,3,10,3,0.634,1,0,665605494,50,1,0.370053521,-5.477819022,-2.072955503,1.478356744,4.751410943,0.333333333
390,auxiva,3,10,3,0.634,1,0,878579710,0,0,0,-6.866578513,-6.729857103,0,0,0
391,auxiva,3,10,3,0.634,1,0,878579710,50,1,0.185606856,-6.670611686,-3.926374921,0.195966827,2.803482181,0
392,ilrma-t-IP,3,10,3,0.634,1,0,878579710,0,0,0,-6.866578513,-6.729857103,0,0,0
393,ilrma-t-IP,3,10,3,0.634,1,0,878579710,50,1,2.658395596,-6.476419613,-3.751725346,0.3901589,2.978131757,0
394,ilrma-t-iss-seq,3,10,3,0.634,1,0,878579710,0,0,0,-6.866578513,-6.729857103,0,0,0
395,ilrma-t-iss-seq,3,10,3,0.634,1,0,878579710,50,1,1.438727626,-6.675892071,-3.744854994,0.190686442,2.985002109,0.333333333
396,ilrma-t-iss-joint,3,10,3,0.634,1,0,878579710,0,0,0,-6.866578513,-6.729857103,0,0,0
397,ilrma-t-iss-joint,3,10,3,0.634,1,0,878579710,50,1,2.271177612,-6.675892071,-3.744854994,0.190686442,2.985002109,0.333333333
398,ilrma,3,10,3,0.634,1,0,878579710,0,0,0,-6.866578513,-6.729857103,0,0,0
399,ilrma,3,10,3,0.634,1,0,878579710,50,1,0.370566377,-8.833728509,-3.978589171,-1.967149996,2.751267932,0.333333333
400,auxiva,3,10,3,0.634,1,10,36027469,0,0,0,-3.608227776,-3.512087172,0,0,0
401,auxiva,3,10,3,0.634,1,10,36027469,50,1,0.186511704,-0.423595471,2.474893182,3.184632306,5.986980354,0.333333333
402,ilrma-t-IP,3,10,3,0.634,1,10,36027469,0,0,0,-3.608227776,-3.512087172,0,0,0
403,ilrma-t-IP,3,10,3,0.634,1,10,36027469,50,1,2.572992204,-0.036918777,2.707948248,3.571308999,6.22003542,0.333333333
404,ilrma-t-iss-seq,3,10,3,0.634,1,10,36027469,0,0,0,-3.608227776,-3.512087172,0,0,0
405,ilrma-t-iss-seq,3,10,3,0.634,1,10,36027469,50,1,1.426077607,-0.029884564,2.730114082,3.578343212,6.242201254,0.333333333
406,ilrma-t-iss-joint,3,10,3,0.634,1,10,36027469,0,0,0,-3.608227776,-3.512087172,0,0,0
407,ilrma-t-iss-joint,3,10,3,0.634,1,10,36027469,50,1,2.411014588,-0.029884564,2.730114082,3.578343212,6.242201254,0.333333333
408,ilrma,3,10,3,0.634,1,10,36027469,0,0,0,-3.608227776,-3.512087172,0,0,0
409,ilrma,3,10,3,0.634,1,10,36027469,50,1,0.371760487,-1.150039357,2.826438789,2.458188419,6.338525961,0.333333333
410,auxiva,3,10,3,0.634,1,0,137773602,0,0,0,-6.92411529,-6.822546235,0,0,0
411,auxiva,3,10,3,0.634,1,0,137773602,50,1,0.185889165,-7.297885101,-4.622982206,-0.373769812,2.19956403,0
412,ilrma-t-IP,3,10,3,0.634,1,0,137773602,0,0,0,-6.92411529,-6.822546235,0,0,0
413,ilrma-t-IP,3,10,3,0.634,1,0,137773602,50,1,2.627779563,-12.42943541,-2.151463236,-5.505320116,4.671082999,0.333333333
414,ilrma-t-iss-seq,3,10,3,0.634,1,0,137773602,0,0,0,-6.92411529,-6.822546235,0,0,0
415,ilrma-t-iss-seq,3,10,3,0.634,1,0,137773602,50,1,1.580476108,-5.360502092,-2.385742292,1.563613198,4.436803944,0.333333333
416,ilrma-t-iss-joint,3,10,3,0.634,1,0,137773602,0,0,0,-6.92411529,-6.822546235,0,0,0
417,ilrma-t-iss-joint,3,10,3,0.634,1,0,137773602,50,1,2.402289523,-5.360502092,-2.385742292,1.563613198,4.436803944,0.333333333
418,ilrma,3,10,3,0.634,1,0,137773602,0,0,0,-6.92411529,-6.822546235,0,0,0
419,ilrma,3,10,3,0.634,1,0,137773602,50,1,0.389295858,-12.86917853,-3.534095015,-5.945063239,3.28845122,0.333333333
420,auxiva,3,10,3,0.634,1,0,1819941518,0,0,0,-7.028942687,-6.888160311,0,0,0
421,auxiva,3,10,3,0.634,1,0,1819941518,50,1,0.186391256,-6.452581325,-3.759427941,0.576361362,3.128732369,0
422,ilrma-t-IP,3,10,3,0.634,1,0,1819941518,0,0,0,-7.028942687,-6.888160311,0,0,0
423,ilrma-t-IP,3,10,3,0.634,1,0,1819941518,50,1,2.688903944,-12.98210754,-2.920824392,-5.953164855,3.967335919,0
424,ilrma-t-iss-seq,3,10,3,0.634,1,0,1819941518,0,0,0,-7.028942687,-6.888160311,0,0,0
425,ilrma-t-iss-seq,3,10,3,0.634,1,0,1819941518,50,1,1.522354808,-5.994250389,-3.189270498,1.034692298,3.698889813,0.333333333
426,ilrma-t-iss-joint,3,10,3,0.634,1,0,1819941518,0,0,0,-7.028942687,-6.888160311,0,0,0
427,ilrma-t-iss-joint,3,10,3,0.634,1,0,1819941518,50,1,2.379824138,-5.994250389,-3.189270498,1.034692298,3.698889813,0.333333333
428,ilrma,3,10,3,0.634,1,0,1819941518,0,0,0,-7.028942687,-6.888160311,0,0,0
429,ilrma,3,10,3,0.634,1,0,1819941518,50,1,0.370765294,-12.36522275,-1.633136495,-5.336280062,5.255023816,0.333333333
430,auxiva,3,10,3,0.634,1,10,1282922662,0,0,0,-3.610804086,-3.495519019,0,0,0
431,auxiva,3,10,3,0.634,1,10,1282922662,50,1,0.185770959,-0.43605396,2.713872395,3.174750126,6.209391414,0.333333333
432,ilrma-t-IP,3,10,3,0.634,1,10,1282922662,0,0,0,-3.610804086,-3.495519019,0,0,0
433,ilrma-t-IP,3,10,3,0.634,1,10,1282922662,50,1,2.700504782,-0.048986432,2.916638361,3.561817654,6.412157381,0.333333333
434,ilrma-t-iss-seq,3,10,3,0.634,1,10,1282922662,0,0,0,-3.610804086,-3.495519019,0,0,0
435,ilrma-t-iss-seq,3,10,3,0.634,1,10,1282922662,50,1,1.485334035,-0.175473556,2.728612503,3.43533053,6.224131522,0.333333333
436,ilrma-t-iss-joint,3,10,3,0.634,1,10,1282922662,0,0,0,-3.610804086,-3.495519019,0,0,0
437,ilrma-t-iss-joint,3,10,3,0.634,1,10,1282922662,50,1,2.341813713,-0.175473556,2.728612503,3.43533053,6.224131522,0.333333333
438,ilrma,3,10,3,0.634,1,10,1282922662,0,0,0,-3.610804086,-3.495519019,0,0,0
439,ilrma,3,10,3,0.634,1,10,1282922662,50,1,0.369181851,0.276717524,3.136910029,3.88752161,6.632429048,0.333333333
440,auxiva,3,10,3,0.634,1,0,1402032510,0,0,0,-7.045872779,-6.97210426,0,0,0
441,auxiva,3,10,3,0.634,1,0,1402032510,50,1,0.18668941,-4.108405803,-1.547337871,2.937466976,5.424766389,0.333333333
442,ilrma-t-IP,3,10,3,0.634,1,0,1402032510,0,0,0,-7.045872779,-6.97210426,0,0,0
443,ilrma-t-IP,3,10,3,0.634,1,0,1402032510,50,1,2.68324948,-4.060482801,-1.522901907,2.985389978,5.449202353,0.333333333
444,ilrma-t-iss-seq,3,10,3,0.634,1,0,1402032510,0,0,0,-7.045872779,-6.97210426,0,0,0
445,ilrma-t-iss-seq,3,10,3,0.634,1,0,1402032510,50,1,1.540971157,-4.037033261,-1.471102526,3.008839519,5.501001734,0.333333333
446,ilrma-t-iss-joint,3,10,3,0.634,1,0,1402032510,0,0,0,-7.045872779,-6.97210426,0,0,0
447,ilrma-t-iss-joint,3,10,3,0.634,1,0,1402032510,50,1,2.345106376,-4.037033261,-1.471102526,3.008839519,5.501001734,0.333333333
448,ilrma,3,10,3,0.634,1,0,1402032510,0,0,0,-7.045872779,-6.97210426,0,0,0
449,ilrma,3,10,3,0.634,1,0,1402032510,50,1,0.371546,-4.404942619,-1.062446758,2.640930161,5.909657502,0.333333333
450,auxiva,3,10,3,0.634,1,10,789925284,0,0,0,-3.669546682,-3.551043582,0,0,0
451,auxiva,3,10,3,0.634,1,10,789925284,50,1,0.186996259,0.169007384,3.159575877,3.838554066,6.71061946,0.333333333
452,ilrma-t-IP,3,10,3,0.634,1,10,789925284,0,0,0,-3.669546682,-3.551043582,0,0,0
453,ilrma-t-IP,3,10,3,0.634,1,10,789925284,50,1,2.540218308,0.495672352,3.23618302,4.165219034,6.787226602,0.333333333
454,ilrma-t-iss-seq,3,10,3,0.634,1,10,789925284,0,0,0,-3.669546682,-3.551043582,0,0,0
455,ilrma-t-iss-seq,3,10,3,0.634,1,10,789925284,50,1,1.516760801,0.503598906,3.25355308,4.173145588,6.804596662,0.333333333
456,ilrma-t-iss-joint,3,10,3,0.634,1,10,789925284,0,0,0,-3.669546682,-3.551043582,0,0,0
457,ilrma-t-iss-joint,3,10,3,0.634,1,10,789925284,50,1,2.391318684,0.503598906,3.25355308,4.173145588,6.804596662,0.333333333
458,ilrma,3,10,3,0.634,1,10,789925284,0,0,0,-3.669546682,-3.551043582,0,0,0
459,ilrma,3,10,3,0.634,1,10,789925284,50,1,0.37084468,0.616808349,3.986501139,4.286355031,7.537544721,0.333333333
460,auxiva,3,10,3,0.634,1,10,659577591,0,0,0,-3.684217165,-3.549047006,0,0,0
461,auxiva,3,10,3,0.634,1,10,659577591,50,1,0.185735826,-0.851495508,2.482786566,2.832721658,6.031833572,0.333333333
462,ilrma-t-IP,3,10,3,0.634,1,10,659577591,0,0,0,-3.684217165,-3.549047006,0,0,0
463,ilrma-t-IP,3,10,3,0.634,1,10,659577591,50,1,2.665183098,-5.207286369,7.75510444,-1.523069204,11.30415145,0.666666667
464,ilrma-t-iss-seq,3,10,3,0.634,1,10,659577591,0,0,0,-3.684217165,-3.549047006,0,0,0
465,ilrma-t-iss-seq,3,10,3,0.634,1,10,659577591,50,1,1.542948823,-5.128455645,7.685597981,-1.44423848,11.23464499,0.666666667
466,ilrma-t-iss-joint,3,10,3,0.634,1,10,659577591,0,0,0,-3.684217165,-3.549047006,0,0,0
467,ilrma-t-iss-joint,3,10,3,0.634,1,10,659577591,50,1,2.412989081,-5.128455645,7.685597981,-1.44423848,11.23464499,0.666666667
468,ilrma,3,10,3,0.634,1,10,659577591,0,0,0,-3.684217165,-3.549047006,0,0,0
469,ilrma,3,10,3,0.634,1,10,659577591,50,1,0.369526484,-5.999128945,8.285739059,-2.31491178,11.83478607,0.666666667
470,auxiva,3,10,3,0.634,1,0,1251993226,0,0,0,-7.025200778,-6.957609505,0,0,0
471,auxiva,3,10,3,0.634,1,0,1251993226,50,1,0.192601626,-4.887806864,-2.247313465,2.137393914,4.710296041,0.333333333
472,ilrma-t-IP,3,10,3,0.634,1,0,1251993226,0,0,0,-7.025200778,-6.957609505,0,0,0
473,ilrma-t-IP,3,10,3,0.634,1,0,1251993226,50,1,2.589908907,-11.62303248,-2.485578573,-4.597831704,4.472030932,0.333333333
474,ilrma-t-iss-seq,3,10,3,0.634,1,0,1251993226,0,0,0,-7.025200778,-6.957609505,0,0,0
475,ilrma-t-iss-seq,3,10,3,0.634,1,0,1251993226,50,1,1.515711409,-4.676878196,-1.80309873,2.348322582,5.154510775,0.333333333
476,ilrma-t-iss-joint,3,10,3,0.634,1,0,1251993226,0,0,0,-7.025200778,-6.957609505,0,0,0
477,ilrma-t-iss-joint,3,10,3,0.634,1,0,1251993226,50,1,2.435276999,-4.676878196,-1.80309873,2.348322582,5.154510775,0.333333333
478,ilrma,3,10,3,0.634,1,0,1251993226,0,0,0,-7.025200778,-6.957609505,0,0,0
479,ilrma,3,10,3,0.634,1,0,1251993226,50,1,0.37030658,-6.831384003,-2.000116014,0.193816775,4.957493492,0.333333333
480,auxiva,3,10,3,0.634,1,10,1063926992,0,0,0,-3.713363568,-3.592860796,0,0,0
481,auxiva,3,10,3,0.634,1,10,1063926992,50,1,0.185514136,-0.544838938,3.119779511,3.168524631,6.712640307,0.333333333
482,ilrma-t-IP,3,10,3,0.634,1,10,1063926992,0,0,0,-3.713363568,-3.592860796,0,0,0
483,ilrma-t-IP,3,10,3,0.634,1,10,1063926992,50,1,2.666282448,-0.485832377,3.303324065,3.227531192,6.896184861,0.333333333
484,ilrma-t-iss-seq,3,10,3,0.634,1,10,1063926992,0,0,0,-3.713363568,-3.592860796,0,0,0
485,ilrma-t-iss-seq,3,10,3,0.634,1,10,1063926992,50,1,1.549915406,-0.760309519,3.227106974,2.953054049,6.81996777,0.333333333
486,ilrma-t-iss-joint,3,10,3,0.634,1,10,1063926992,0,0,0,-3.713363568,-3.592860796,0,0,0
487,ilrma-t-iss-joint,3,10,3,0.634,1,10,1063926992,50,1,2.419329914,-0.760309519,3.227106974,2.953054049,6.81996777,0.333333333
488,ilrma,3,10,3,0.634,1,10,1063926992,0,0,0,-3.713363568,-3.592860796,0,0,0
489,ilrma,3,10,3,0.634,1,10,1063926992,50,1,0.368793946,-3.899634897,1.963113672,-0.186271329,5.555974468,0.333333333
490,auxiva,3,10,3,0.634,1,10,1685103474,0,0,0,-3.558133425,-3.416330616,0,0,0
491,auxiva,3,10,3,0.634,1,10,1685103474,50,1,0.186140915,-0.161613304,2.766904796,3.39652012,6.183235412,0.333333333
492,ilrma-t-IP,3,10,3,0.634,1,10,1685103474,0,0,0,-3.558133425,-3.416330616,0,0,0
493,ilrma-t-IP,3,10,3,0.634,1,10,1685103474,50,1,2.764216135,0.177189576,2.805792022,3.735323,6.222122638,0.333333333
494,ilrma-t-iss-seq,3,10,3,0.634,1,10,1685103474,0,0,0,-3.558133425,-3.416330616,0,0,0
495,ilrma-t-iss-seq,3,10,3,0.634,1,10,1685103474,50,1,1.501269955,-5.133083414,6.256626083,-1.57494999,9.672956699,0.666666667
496,ilrma-t-iss-joint,3,10,3,0.634,1,10,1685103474,0,0,0,-3.558133425,-3.416330616,0,0,0
497,ilrma-t-iss-joint,3,10,3,0.634,1,10,1685103474,50,1,2.388525709,-5.133083414,6.256626083,-1.57494999,9.672956699,0.666666667
498,ilrma,3,10,3,0.634,1,10,1685103474,0,0,0,-3.558133425,-3.416330616,0,0,0
499,ilrma,3,10,3,0.634,1,10,1685103474,50,1,0.372003099,-0.54748323,3.04622951,3.010650195,6.462560126,0.333333333
500,auxiva,3,10,3,0.634,1,10,457175121,0,0,0,-3.615200261,-3.38865614,0,0,0
501,auxiva,3,10,3,0.634,1,10,457175121,50,1,0.189958082,-1.927391474,1.195139515,1.687808787,4.583795655,0.666666667
502,ilrma-t-IP,3,10,3,0.634,1,10,457175121,0,0,0,-3.615200261,-3.38865614,0,0,0
503,ilrma-t-IP,3,10,3,0.634,1,10,457175121,50,1,2.552478903,-2.239017636,1.162517056,1.376182625,4.551173196,0.333333333
504,ilrma-t-iss-seq,3,10,3,0.634,1,10,457175121,0,0,0,-3.615200261,-3.38865614,0,0,0
505,ilrma-t-iss-seq,3,10,3,0.634,1,10,457175121,50,1,1.46569921,-2.558867497,0.863878333,1.056332764,4.252534473,0.333333333
506,ilrma-t-iss-joint,3,10,3,0.634,1,10,457175121,0,0,0,-3.615200261,-3.38865614,0,0,0
507,ilrma-t-iss-joint,3,10,3,0.634,1,10,457175121,50,1,2.425065708,-2.558867497,0.863878333,1.056332764,4.252534473,0.333333333
508,ilrma,3,10,3,0.634,1,10,457175121,0,0,0,-3.615200261,-3.38865614,0,0,0
509,ilrma,3,10,3,0.634,1,10,457175121,50,1,0.37068376,-7.777804157,2.359830167,-4.162603896,5.748486307,0.333333333
510,auxiva,3,10,3,0.634,1,0,1995074678,0,0,0,-6.922407924,-6.808896848,0,0,0
511,auxiva,3,10,3,0.634,1,0,1995074678,50,1,0.186232314,-14.29569768,-3.750304518,-7.37328976,3.05859233,0
512,ilrma-t-IP,3,10,3,0.634,1,0,1995074678,0,0,0,-6.922407924,-6.808896848,0,0,0
513,ilrma-t-IP,3,10,3,0.634,1,0,1995074678,50,1,2.578787292,-15.06260082,-3.106645007,-8.140192895,3.70225184,0.333333333
514,ilrma-t-iss-seq,3,10,3,0.634,1,0,1995074678,0,0,0,-6.922407924,-6.808896848,0,0,0
515,ilrma-t-iss-seq,3,10,3,0.634,1,0,1995074678,50,1,1.549716327,-15.22313152,-2.955149279,-8.300723595,3.853747569,0.333333333
516,ilrma-t-iss-joint,3,10,3,0.634,1,0,1995074678,0,0,0,-6.922407924,-6.808896848,0,0,0
517,ilrma-t-iss-joint,3,10,3,0.634,1,0,1995074678,50,1,2.40438555,-15.22313152,-2.955149279,-8.300723595,3.853747569,0.333333333
518,ilrma,3,10,3,0.634,1,0,1995074678,0,0,0,-6.922407924,-6.808896848,0,0,0
519,ilrma,3,10,3,0.634,1,0,1995074678,50,1,0.377805409,-16.86759395,-1.50954613,-9.945186022,5.299350718,0.333333333
520,auxiva,3,10,3,0.634,1,0,1605979227,0,0,0,-6.977393327,-6.829461923,0,0,0
521,auxiva,3,10,3,0.634,1,0,1605979227,50,1,0.185876556,-4.420883749,-1.787156013,2.556509579,5.04230591,0.333333333
522,ilrma-t-IP,3,10,3,0.634,1,0,1605979227,0,0,0,-6.977393327,-6.829461923,0,0,0
523,ilrma-t-IP,3,10,3,0.634,1,0,1605979227,50,1,2.644101036,-4.381975449,-1.676014147,2.595417878,5.153447776,0.333333333
524,ilrma-t-iss-seq,3,10,3,0.634,1,0,1605979227,0,0,0,-6.977393327,-6.829461923,0,0,0
525,ilrma-t-iss-seq,3,10,3,0.634,1,0,1605979227,50,1,1.526945222,-4.441768697,-1.651289558,2.53562463,5.178172365,0.333333333
526,ilrma-t-iss-joint,3,10,3,0.634,1,0,1605979227,0,0,0,-6.977393327,-6.829461923,0,0,0
527,ilrma-t-iss-joint,3,10,3,0.634,1,0,1605979227,50,1,2.381382172,-4.441768697,-1.651289558,2.53562463,5.178172365,0.333333333
528,ilrma,3,10,3,0.634,1,0,1605979227,0,0,0,-6.977393327,-6.829461923,0,0,0
529,ilrma,3,10,3,0.634,1,0,1605979227,50,1,0.36898442,-5.19413933,-1.291023218,1.783253997,5.538438705,0.333333333
530,auxiva,3,10,3,0.634,1,10,665605494,0,0,0,-3.665262077,-3.560052237,0,0,0
531,auxiva,3,10,3,0.634,1,10,665605494,50,1,0.186709033,0.394965055,3.288313655,4.060227132,6.848365892,0.333333333
532,ilrma-t-IP,3,10,3,0.634,1,10,665605494,0,0,0,-3.665262077,-3.560052237,0,0,0
533,ilrma-t-IP,3,10,3,0.634,1,10,665605494,50,1,2.66117736,0.733342398,3.553597324,4.398604475,7.11364956,0.333333333
534,ilrma-t-iss-seq,3,10,3,0.634,1,10,665605494,0,0,0,-3.665262077,-3.560052237,0,0,0
535,ilrma-t-iss-seq,3,10,3,0.634,1,10,665605494,50,1,1.512024438,0.749806894,3.613709516,4.415068971,7.173761753,0.333333333
536,ilrma-t-iss-joint,3,10,3,0.634,1,10,665605494,0,0,0,-3.665262077,-3.560052237,0,0,0
537,ilrma-t-iss-joint,3,10,3,0.634,1,10,665605494,50,1,2.37435722,0.749806894,3.613709516,4.415068971,7.173761753,0.333333333
538,ilrma,3,10,3,0.634,1,10,665605494,0,0,0,-3.665262077,-3.560052237,0,0,0
539,ilrma,3,10,3,0.634,1,10,665605494,50,1,0.372115493,-0.135866548,4.344606881,3.529395528,7.904659118,0.333333333
540,auxiva,3,10,3,0.634,1,10,1983958385,0,0,0,-3.625750248,-3.520133877,0,0,0
541,auxiva,3,10,3,0.634,1,10,1983958385,50,1,0.187099642,-1.110196885,2.058138863,2.515553364,5.57827274,0.666666667
542,ilrma-t-IP,3,10,3,0.634,1,10,1983958385,0,0,0,-3.625750248,-3.520133877,0,0,0
543,ilrma-t-IP,3,10,3,0.634,1,10,1983958385,50,1,2.706825409,-0.227926672,2.743700641,3.397823577,6.263834518,0.333333333
544,ilrma-t-iss-seq,3,10,3,0.634,1,10,1983958385,0,0,0,-3.625750248,-3.520133877,0,0,0
545,ilrma-t-iss-seq,3,10,3,0.634,1,10,1983958385,50,1,1.524137547,-0.210179028,2.784037601,3.415571221,6.304171479,0.333333333
546,ilrma-t-iss-joint,3,10,3,0.634,1,10,1983958385,0,0,0,-3.625750248,-3.520133877,0,0,0
547,ilrma-t-iss-joint,3,10,3,0.634,1,10,1983958385,50,1,2.359295238,-0.210179028,2.784037601,3.415571221,6.304171479,0.333333333
548,ilrma,3,10,3,0.634,1,10,1983958385,0,0,0,-3.625750248,-3.520133877,0,0,0
549,ilrma,3,10,3,0.634,1,10,1983958385,50,1,0.369592997,-0.419736971,3.893984757,3.206013277,7.414118634,0.333333333
550,auxiva,3,10,3,0.634,1,0,1319794951,0,0,0,-6.856563559,-6.752857154,0,0,0
551,auxiva,3,10,3,0.634,1,0,1319794951,50,1,0.186713105,-4.834278898,-2.170540235,2.02228466,4.58231692,0.333333333
552,ilrma-t-IP,3,10,3,0.634,1,0,1319794951,0,0,0,-6.856563559,-6.752857154,0,0,0
553,ilrma-t-IP,3,10,3,0.634,1,0,1319794951,50,1,2.666966686,-11.32438505,-1.450485832,-4.467821487,5.302371322,0.333333333
554,ilrma-t-iss-seq,3,10,3,0.634,1,0,1319794951,0,0,0,-6.856563559,-6.752857154,0,0,0
555,ilrma-t-iss-seq,3,10,3,0.634,1,0,1319794951,50,1,1.45958739,-13.12672355,-2.067676106,-6.270159996,4.685181048,0.333333333
556,ilrma-t-iss-joint,3,10,3,0.634,1,0,1319794951,0,0,0,-6.856563559,-6.752857154,0,0,0
557,ilrma-t-iss-joint,3,10,3,0.634,1,0,1319794951,50,1,2.32950623,-13.12672355,-2.067676106,-6.270159996,4.685181048,0.333333333
558,ilrma,3,10,3,0.634,1,0,1319794951,0,0,0,-6.856563559,-6.752857154,0,0,0
559,ilrma,3,10,3,0.634,1,0,1319794951,50,1,0.371064681,-4.628206046,-1.298553512,2.228357512,5.454303642,0.333333333
560,auxiva,3,10,3,0.634,1,0,36027469,0,0,0,-6.920918718,-6.798083754,0,0,0
561,auxiva,3,10,3,0.634,1,0,36027469,50,1,0.186445694,-15.15231512,-5.236988997,-8.231396399,1.561094757,0
562,ilrma-t-IP,3,10,3,0.634,1,0,36027469,0,0,0,-6.920918718,-6.798083754,0,0,0
563,ilrma-t-IP,3,10,3,0.634,1,0,36027469,50,1,2.574929178,-5.789948145,-3.309269803,1.130970573,3.488813951,0
564,ilrma-t-iss-seq,3,10,3,0.634,1,0,36027469,0,0,0,-6.920918718,-6.798083754,0,0,0
565,ilrma-t-iss-seq,3,10,3,0.634,1,0,36027469,50,1,1.429906415,-6.435404206,-3.564710064,0.485514512,3.23337369,0
566,ilrma-t-iss-joint,3,10,3,0.634,1,0,36027469,0,0,0,-6.920918718,-6.798083754,0,0,0
567,ilrma-t-iss-joint,3,10,3,0.634,1,0,36027469,50,1,2.262959265,-6.435404206,-3.564710064,0.485514512,3.23337369,0
568,ilrma,3,10,3,0.634,1,0,36027469,0,0,0,-6.920918718,-6.798083754,0,0,0
569,ilrma,3,10,3,0.634,1,0,36027469,50,1,0.37224079,-7.021532563,-4.145283436,-0.100613845,2.652800318,0
570,auxiva,3,10,3,0.634,1,10,1981297353,0,0,0,-3.586947566,-3.490976989,0,0,0
571,auxiva,3,10,3,0.634,1,10,1981297353,50,1,0.18587662,-1.961161811,1.360710324,1.625785755,4.851687312,0.666666667
572,ilrma-t-IP,3,10,3,0.634,1,10,1981297353,0,0,0,-3.586947566,-3.490976989,0,0,0
573,ilrma-t-IP,3,10,3,0.634,1,10,1981297353,50,1,2.568263603,-0.006464654,3.299023564,3.580482913,6.790000553,0.666666667
574,ilrma-t-iss-seq,3,10,3,0.634,1,10,1981297353,0,0,0,-3.586947566,-3.490976989,0,0,0
575,ilrma-t-iss-seq,3,10,3,0.634,1,10,1981297353,50,1,1.423207763,-0.026277071,3.314127183,3.560670495,6.805104172,0.666666667
576,ilrma-t-iss-joint,3,10,3,0.634,1,10,1981297353,0,0,0,-3.586947566,-3.490976989,0,0,0
577,ilrma-t-iss-joint,3,10,3,0.634,1,10,1981297353,50,1,2.465613072,-0.026277071,3.314127183,3.560670495,6.805104172,0.666666667
578,ilrma,3,10,3,0.634,1,10,1981297353,0,0,0,-3.586947566,-3.490976989,0,0,0
579,ilrma,3,10,3,0.634,1,10,1981297353,50,1,0.370814196,0.491602013,4.323847132,4.078549579,7.814824121,0.333333333
580,auxiva,3,10,3,0.634,1,10,657890619,0,0,0,-3.550790139,-3.437304213,0,0,0
581,auxiva,3,10,3,0.634,1,10,657890619,50,1,0.185823595,-0.137964575,2.989897546,3.412825564,6.427201759,0.333333333
582,ilrma-t-IP,3,10,3,0.634,1,10,657890619,0,0,0,-3.550790139,-3.437304213,0,0,0
583,ilrma-t-IP,3,10,3,0.634,1,10,657890619,50,1,2.633828867,-8.220269994,2.975586924,-4.669479856,6.412891137,0.333333333
584,ilrma-t-iss-seq,3,10,3,0.634,1,10,657890619,0,0,0,-3.550790139,-3.437304213,0,0,0
585,ilrma-t-iss-seq,3,10,3,0.634,1,10,657890619,50,1,1.54358514,0.194593785,3.076592276,3.745383923,6.51389649,0.333333333
586,ilrma-t-iss-joint,3,10,3,0.634,1,10,657890619,0,0,0,-3.550790139,-3.437304213,0,0,0
587,ilrma-t-iss-joint,3,10,3,0.634,1,10,657890619,50,1,2.378279464,0.194593785,3.076592276,3.745383923,6.51389649,0.333333333
588,ilrma,3,10,3,0.634,1,10,657890619,0,0,0,-3.550790139,-3.437304213,0,0,0
589,ilrma,3,10,3,0.634,1,10,657890619,50,1,0.371528443,-8.111775206,3.460483219,-4.560985068,6.897787433,0.666666667
590,auxiva,3,10,3,0.634,1,0,1069045865,0,0,0,-6.862151899,-6.716402007,0,0,0
591,auxiva,3,10,3,0.634,1,0,1069045865,50,1,0.185621994,-4.759496134,-2.201130353,2.102655765,4.515271654,0.333333333
592,ilrma-t-IP,3,10,3,0.634,1,0,1069045865,0,0,0,-6.862151899,-6.716402007,0,0,0
593,ilrma-t-IP,3,10,3,0.634,1,0,1069045865,50,1,2.562748812,-4.642781832,-2.156400549,2.219370067,4.560001459,0.333333333
594,ilrma-t-iss-seq,3,10,3,0.634,1,0,1069045865,0,0,0,-6.862151899,-6.716402007,0,0,0
595,ilrma-t-iss-seq,3,10,3,0.634,1,0,1069045865,50,1,1.512097773,-4.578849233,-2.020005294,2.283302666,4.696396713,0.333333333
596,ilrma-t-iss-joint,3,10,3,0.634,1,0,1069045865,0,0,0,-6.862151899,-6.716402007,0,0,0
597,ilrma-t-iss-joint,3,10,3,0.634,1,0,1069045865,50,1,2.253561454,-4.578849233,-2.020005294,2.283302666,4.696396713,0.333333333
598,ilrma,3,10,3,0.634,1,0,1069045865,0,0,0,-6.862151899,-6.716402007,0,0,0
599,ilrma,3,10,3,0.634,1,0,1069045865,50,1,0.36989677,-4.379388426,-1.364015416,2.482763473,5.352386591,0.333333333