{
    "fs": 16000,
    "files": [
        "cmu_arctic_male_aew_1.wav",
        "cmu_arctic_male_aew_2.wav",
        "cmu_arctic_male_aew_3.wav",
        "cmu_arctic_male_aew_4.wav",
        "cmu_arctic_male_aew_5.wav",
        "cmu_arctic_male_aew_6.wav",
        "cmu_arctic_male_aew_7.wav",
        "cmu_arctic_male_aew_8.wav",
        "cmu_arctic_male_aew_9.wav",
        "cmu_arctic_male_aew_10.wav",
        "cmu_arctic_male_ahw_1.wav",
        "cmu_arctic_male_ahw_2.wav",
        "cmu_arctic_male_ahw_3.wav",
        "cmu_arctic_male_ahw_4.wav",
        "cmu_arctic_male_ahw_5.wav",
        "cmu_arctic_male_ahw_6.wav",
        "cmu_arctic_male_ahw_7.wav",
        "cmu_arctic_male_ahw_8.wav",
        "cmu_arctic_male_ahw_9.wav",
        "cmu_arctic_male_ahw_10.wav",
        "cmu_arctic_male_aup_1.wav",
        "cmu_arctic_male_aup_2.wav",
        "cmu_arctic_male_aup_3.wav",
        "cmu_arctic_male_aup_4.wav",
        "cmu_arctic_male_aup_5.wav",
        "cmu_arctic_male_aup_6.wav",
        "cmu_arctic_male_aup_7.wav",
        "cmu_arctic_male_aup_8.wav",
        "cmu_arctic_male_aup_9.wav",
        "cmu_arctic_male_aup_10.wav",
        "cmu_arctic_male_awb_1.wav",
        "cmu_arctic_male_awb_2.wav",
        "cmu_arctic_male_awb_3.wav",
        "cmu_arctic_male_awb_4.wav",
        "cmu_arctic_male_awb_5.wav",
        "cmu_arctic_male_awb_6.wav",
        "cmu_arctic_male_awb_7.wav",
        "cmu_arctic_male_awb_8.wav",
        "cmu_arctic_male_awb_9.wav",
        "cmu_arctic_male_awb_10.wav",
        "cmu_arctic_male_bdl_1.wav",
        "cmu_arctic_male_bdl_2.wav",
        "cmu_arctic_male_bdl_3.wav",
        "cmu_arctic_male_bdl_4.wav",
        "cmu_arctic_male_bdl_5.wav",
        "cmu_arctic_male_bdl_6.wav",
        "cmu_arctic_male_bdl_7.wav",
        "cmu_arctic_male_bdl_8.wav",
        "cmu_arctic_male_bdl_9.wav",
        "cmu_arctic_male_bdl_10.wav",
        "cmu_arctic_male_fem_1.wav",
        "cmu_arctic_male_fem_2.wav",
        "cmu_arctic_male_fem_3.wav",
        "cmu_arctic_male_fem_4.wav",
        "cmu_arctic_male_fem_5.wav",
        "cmu_arctic_male_fem_6.wav",
        "cmu_arctic_male_fem_7.wav",
        "cmu_arctic_male_fem_8.wav",
        "cmu_arctic_male_fem_9.wav",
        "cmu_arctic_male_fem_10.wav",
        "cmu_arctic_male_gka_1.wav",
        "cmu_arctic_male_gka_2.wav",
        "cmu_arctic_male_gka_3.wav",
        "cmu_arctic_male_gka_4.wav",
        "cmu_arctic_male_gka_5.wav",
        "cmu_arctic_male_gka_6.wav",
        "cmu_arctic_male_gka_7.wav",
        "cmu_arctic_male_gka_8.wav",
        "cmu_arctic_male_gka_9.wav",
        "cmu_arctic_male_gka_10.wav",
        "cmu_arctic_female_axb_1.wav",
        "cmu_arctic_female_axb_2.wav",
        "cmu_arctic_female_axb_3.wav",
        "cmu_arctic_female_axb_4.wav",
        "cmu_arctic_female_axb_5.wav",
        "cmu_arctic_female_axb_6.wav",
        "cmu_arctic_female_axb_7.wav",
        "cmu_arctic_female_axb_8.wav",
        "cmu_arctic_female_axb_9.wav",
        "cmu_arctic_female_axb_10.wav",
        "cmu_arctic_female_clb_1.wav",
        "cmu_arctic_female_clb_2.wav",
        "cmu_arctic_female_clb_3.wav",
        "cmu_arctic_female_clb_4.wav",
        "cmu_arctic_female_clb_5.wav",
        "cmu_arctic_female_clb_6.wav",
        "cmu_arctic_female_clb_7.wav",
        "cmu_arctic_female_clb_8.wav",
        "cmu_arctic_female_clb_9.wav",
        "cmu_arctic_female_clb_10.wav",
        "cmu_arctic_female_eey_1.wav",
        "cmu_arctic_female_eey_2.wav",
        "cmu_arctic_female_eey_3.wav",
        "cmu_arctic_female_eey_4.wav",
        "cmu_arctic_female_eey_5.wav",
        "cmu_arctic_female_eey_6.wav",
        "cmu_arctic_female_eey_7.wav",
        "cmu_arctic_female_eey_8.wav",
        "cmu_arctic_female_eey_9.wav",
        "cmu_arctic_female_eey_10.wav",
        "cmu_arctic_female_ljm_1.wav",
        "cmu_arctic_female_ljm_2.wav",
        "cmu_arctic_female_ljm_3.wav",
        "cmu_arctic_female_ljm_4.wav",
        "cmu_arctic_female_ljm_5.wav",
        "cmu_arctic_female_ljm_6.wav",
        "cmu_arctic_female_ljm_7.wav",
        "cmu_arctic_female_ljm_8.wav",
        "cmu_arctic_female_ljm_9.wav",
        "cmu_arctic_female_ljm_10.wav",
        "cmu_arctic_female_lnh_1.wav",
        "cmu_arctic_female_lnh_2.wav",
        "cmu_arctic_female_lnh_3.wav",
        "cmu_arctic_female_lnh_4.wav",
        "cmu_arctic_female_lnh_5.wav",
        "cmu_arctic_female_lnh_6.wav",
        "cmu_arctic_female_lnh_7.wav",
        "cmu_arctic_female_lnh_8.wav",
        "cmu_arctic_female_lnh_9.wav",
        "cmu_arctic_female_lnh_10.wav",
        "cmu_arctic_female_slp_1.wav",
        "cmu_arctic_female_slp_2.wav",
        "cmu_arctic_female_slp_3.wav",
        "cmu_arctic_female_slp_4.wav",
        "cmu_arctic_female_slp_5.wav",
        "cmu_arctic_female_slp_6.wav",
        "cmu_arctic_female_slp_7.wav",
        "cmu_arctic_female_slp_8.wav",
        "cmu_arctic_female_slp_9.wav",
        "cmu_arctic_female_slp_10.wav",
        "cmu_arctic_female_slt_1.wav",
        "cmu_arctic_female_slt_2.wav",
        "cmu_arctic_female_slt_3.wav",
        "cmu_arctic_female_slt_4.wav",
        "cmu_arctic_female_slt_5.wav",
        "cmu_arctic_female_slt_6.wav",
        "cmu_arctic_female_slt_7.wav",
        "cmu_arctic_female_slt_8.wav",
        "cmu_arctic_female_slt_9.wav",
        "cmu_arctic_female_slt_10.wav"
    ],
    "sorted": {
        "male": {
            "aew": [
                "cmu_arctic_male_aew_1.wav",
                "cmu_arctic_male_aew_2.wav",
                "cmu_arctic_male_aew_3.wav",
                "cmu_arctic_male_aew_4.wav",
                "cmu_arctic_male_aew_5.wav",
                "cmu_arctic_male_aew_6.wav",
                "cmu_arctic_male_aew_7.wav",
                "cmu_arctic_male_aew_8.wav",
                "cmu_arctic_male_aew_9.wav",
                "cmu_arctic_male_aew_10.wav"
            ],
            "ahw": [
                "cmu_arctic_male_ahw_1.wav",
                "cmu_arctic_male_ahw_2.wav",
                "cmu_arctic_male_ahw_3.wav",
                "cmu_arctic_male_ahw_4.wav",
                "cmu_arctic_male_ahw_5.wav",
                "cmu_arctic_male_ahw_6.wav",
                "cmu_arctic_male_ahw_7.wav",
                "cmu_arctic_male_ahw_8.wav",
                "cmu_arctic_male_ahw_9.wav",
                "cmu_arctic_male_ahw_10.wav"
            ],
            "aup": [
                "cmu_arctic_male_aup_1.wav",
                "cmu_arctic_male_aup_2.wav",
                "cmu_arctic_male_aup_3.wav",
                "cmu_arctic_male_aup_4.wav",
                "cmu_arctic_male_aup_5.wav",
                "cmu_arctic_male_aup_6.wav",
                "cmu_arctic_male_aup_7.wav",
                "cmu_arctic_male_aup_8.wav",
                "cmu_arctic_male_aup_9.wav",
                "cmu_arctic_male_aup_10.wav"
            ],
            "awb": [
                "cmu_arctic_male_awb_1.wav",
                "cmu_arctic_male_awb_2.wav",
                "cmu_arctic_male_awb_3.wav",
                "cmu_arctic_male_awb_4.wav",
                "cmu_arctic_male_awb_5.wav",
                "cmu_arctic_male_awb_6.wav",
                "cmu_arctic_male_awb_7.wav",
                "cmu_arctic_male_awb_8.wav",
                "cmu_arctic_male_awb_9.wav",
                "cmu_arctic_male_awb_10.wav"
            ],
            "bdl": [
                "cmu_arctic_male_bdl_1.wav",
                "cmu_arctic_male_bdl_2.wav",
                "cmu_arctic_male_bdl_3.wav",
                "cmu_arctic_male_bdl_4.wav",
                "cmu_arctic_male_bdl_5.wav",
                "cmu_arctic_male_bdl_6.wav",
                "cmu_arctic_male_bdl_7.wav",
                "cmu_arctic_male_bdl_8.wav",
                "cmu_arctic_male_bdl_9.wav",
                "cmu_arctic_male_bdl_10.wav"
            ],
            "fem": [
                "cmu_arctic_male_fem_1.wav",
                "cmu_arctic_male_fem_2.wav",
                "cmu_arctic_male_fem_3.wav",
                "cmu_arctic_male_fem_4.wav",
                "cmu_arctic_male_fem_5.wav",
                "cmu_arctic_male_fem_6.wav",
                "cmu_arctic_male_fem_7.wav",
                "cmu_arctic_male_fem_8.wav",
                "cmu_arctic_male_fem_9.wav",
                "cmu_arctic_male_fem_10.wav"
            ],
            "gka": [
                "cmu_arctic_male_gka_1.wav",
                "cmu_arctic_male_gka_2.wav",
                "cmu_arctic_male_gka_3.wav",
                "cmu_arctic_male_gka_4.wav",
                "cmu_arctic_male_gka_5.wav",
                "cmu_arctic_male_gka_6.wav",
                "cmu_arctic_male_gka_7.wav",
                "cmu_arctic_male_gka_8.wav",
                "cmu_arctic_male_gka_9.wav",
                "cmu_arctic_male_gka_10.wav"
            ]
        },
        "female": {
            "axb": [
                "cmu_arctic_female_axb_1.wav",
                "cmu_arctic_female_axb_2.wav",
                "cmu_arctic_female_axb_3.wav",
                "cmu_arctic_female_axb_4.wav",
                "cmu_arctic_female_axb_5.wav",
                "cmu_arctic_female_axb_6.wav",
                "cmu_arctic_female_axb_7.wav",
                "cmu_arctic_female_axb_8.wav",
                "cmu_arctic_female_axb_9.wav",
                "cmu_arctic_female_axb_10.wav"
            ],
            "clb": [
                "cmu_arctic_female_clb_1.wav",
                "cmu_arctic_female_clb_2.wav",
                "cmu_arctic_female_clb_3.wav",
                "cmu_arctic_female_clb_4.wav",
                "cmu_arctic_female_clb_5.wav",
                "cmu_arctic_female_clb_6.wav",
                "cmu_arctic_female_clb_7.wav",
                "cmu_arctic_female_clb_8.wav",
                "cmu_arctic_female_clb_9.wav",
                "cmu_arctic_female_clb_10.wav"
            ],
            "eey": [
                "cmu_arctic_female_eey_1.wav",
                "cmu_arctic_female_eey_2.wav",
                "cmu_arctic_female_eey_3.wav",
                "cmu_arctic_female_eey_4.wav",
                "cmu_arctic_female_eey_5.wav",
                "cmu_arctic_female_eey_6.wav",
                "cmu_arctic_female_eey_7.wav",
                "cmu_arctic_female_eey_8.wav",
                "cmu_arctic_female_eey_9.wav",
                "cmu_arctic_female_eey_10.wav"
            ],
            "ljm": [
                "cmu_arctic_female_ljm_1.wav",
                "cmu_arctic_female_ljm_2.wav",
                "cmu_arctic_female_ljm_3.wav",
                "cmu_arctic_female_ljm_4.wav",
                "cmu_arctic_female_ljm_5.wav",
                "cmu_arctic_female_ljm_6.wav",
                "cmu_arctic_female_ljm_7.wav",
                "cmu_arctic_female_ljm_8.wav",
                "cmu_arctic_female_ljm_9.wav",
                "cmu_arctic_female_ljm_10.wav"
            ],
            "lnh": [
                "cmu_arctic_female_lnh_1.wav",
                "cmu_arctic_female_lnh_2.wav",
                "cmu_arctic_female_lnh_3.wav",
                "cmu_arctic_female_lnh_4.wav",
                "cmu_arctic_female_lnh_5.wav",
                "cmu_arctic_female_lnh_6.wav",
                "cmu_arctic_female_lnh_7.wav",
                "cmu_arctic_female_lnh_8.wav",
                "cmu_arctic_female_lnh_9.wav",
                "cmu_arctic_female_lnh_10.wav"
            ],
            "slp": [
                "cmu_arctic_female_slp_1.wav",
                "cmu_arctic_female_slp_2.wav",
                "cmu_arctic_female_slp_3.wav",
                "cmu_arctic_female_slp_4.wav",
                "cmu_arctic_female_slp_5.wav",
                "cmu_arctic_female_slp_6.wav",
                "cmu_arctic_female_slp_7.wav",
                "cmu_arctic_female_slp_8.wav",
                "cmu_arctic_female_slp_9.wav",
                "cmu_arctic_female_slp_10.wav"
            ],
            "slt": [
                "cmu_arctic_female_slt_1.wav",
                "cmu_arctic_female_slt_2.wav",
                "cmu_arctic_female_slt_3.wav",
                "cmu_arctic_female_slt_4.wav",
                "cmu_arctic_female_slt_5.wav",
                "cmu_arctic_female_slt_6.wav",
                "cmu_arctic_female_slt_7.wav",
                "cmu_arctic_female_slt_8.wav",
                "cmu_arctic_female_slt_9.wav",
                "cmu_arctic_female_slt_10.wav"
            ]
        }
    }
}